"RelPath","Folder","BaseName","Extension","Length"
"EN-FOR-02-001 Forming Safety.docx","SOPstart - Raw SOPs","EN-FOR-02-001 Forming Safety",".docx","81905"
"EN-FOR-02-003 Adjacent Section Stoppage.docx","SOPstart - Raw SOPs","EN-FOR-02-003 Adjacent Section Stoppage",".docx","79860"
"EN-FOR-02-061 Swabbing and Swab Rejects.docx","SOPstart - Raw SOPs","EN-FOR-02-061 Swabbing and Swab Rejects",".docx","73991"
"EN-FOR-03-001 Forming Machine Swabbing.docx","SOPstart - Raw SOPs","EN-FOR-03-001 Forming Machine Swabbing",".docx","1445484"
"EN-FOR-03-002 Baffle Arm Setup for an O-I Machine.docx","SOPstart - Raw SOPs","EN-FOR-03-002 Baffle Arm Setup for an O-I Machine",".docx","2154145"
"EN-FOR-03-031 Blank Side Hanger Change.docx","SOPstart - Raw SOPs","EN-FOR-03-031 Blank Side Hanger Change",".docx","1914556"
"EN-FOR-03-042 Gob Delivery Setup - Deflectors.docx","SOPstart - Raw SOPs","EN-FOR-03-042 Gob Delivery Setup - Deflectors",".docx","4701300"
"EN-FOR-03-043 Blank Temperature Measurement with Rondot Probe.docx","SOPstart - Raw SOPs","EN-FOR-03-043 Blank Temperature Measurement with Rondot Probe",".docx","4963159"
"GMF_Forming\EN-FOR-02-001 Forming Safety.docx","GMF_Forming","EN-FOR-02-001 Forming Safety",".docx","81905"
"GMF_Forming\EN-FOR-02-003 Adjacent Section Stoppage.docx","GMF_Forming","EN-FOR-02-003 Adjacent Section Stoppage",".docx","79860"
"GMF_Forming\EN-FOR-02-061 Swabbing and Swab Rejects.docx","GMF_Forming","EN-FOR-02-061 Swabbing and Swab Rejects",".docx","73991"
"GMF_Forming\EN-FOR-03-001 Forming Machine Swabbing.docx","GMF_Forming","EN-FOR-03-001 Forming Machine Swabbing",".docx","1445484"
"GMF_Forming\EN-FOR-03-002 Baffle Arm Setup for an O-I Machine.docx","GMF_Forming","EN-FOR-03-002 Baffle Arm Setup for an O-I Machine",".docx","2154145"
"GMF_Forming\EN-FOR-03-031 Blank Side Hanger Change.docx","GMF_Forming","EN-FOR-03-031 Blank Side Hanger Change",".docx","1914556"
"GMF_Forming\EN-FOR-03-042 Gob Delivery Setup - Deflectors.docx","GMF_Forming","EN-FOR-03-042 Gob Delivery Setup - Deflectors",".docx","4701300"
"GMF_Forming\EN-FOR-03-043 Blank Temperature Measurement with Rondot Probe.docx","GMF_Forming","EN-FOR-03-043 Blank Temperature Measurement with Rondot Probe",".docx","4963159"
"JSA 2010\Changing Neck Rings-21.doc","JSA 2010","Changing Neck Rings-21",".doc","150528"
"JSA 2010\Changing Neck Rings-23.doc","JSA 2010","Changing Neck Rings-23",".doc","150528"
"JSA 2010\Hazard-Risk-JSA-TEMPLATE.doc","JSA 2010","Hazard-Risk-JSA-TEMPLATE",".doc","162816"
"JSA 2010\JSA Stacker bars.doc","JSA 2010","JSA Stacker bars",".doc","173056"
"JSA 2010\JSA-Changing neck rings 21.doc","JSA 2010","JSA-Changing neck rings 21",".doc","152576"
"JSA 2010\BATCH & FURNACE\211.09.16 JSEA Installation of windcooling.doc","BATCH & FURNACE","211.09.16 JSEA Installation of windcooling",".doc","145408"
"JSA 2010\BATCH & FURNACE\211.09.17 JSEA Preparation of Lancing a Furnace.doc","BATCH & FURNACE","211.09.17 JSEA Preparation of Lancing a Furnace",".doc","144896"
"JSA 2010\BATCH & FURNACE\Hazard-Risk-JSA-Batch Moisture Analysis.doc","BATCH & FURNACE","Hazard-Risk-JSA-Batch Moisture Analysis",".doc","189440"
"JSA 2010\BATCH & FURNACE\Hazard-Risk-JSA-BWO Measurement.doc","BATCH & FURNACE","Hazard-Risk-JSA-BWO Measurement",".doc","187392"
"JSA 2010\BATCH & FURNACE\Hazard-Risk-JSA-Carbon Analysis.doc","BATCH & FURNACE","Hazard-Risk-JSA-Carbon Analysis",".doc","185856"
"JSA 2010\BATCH & FURNACE\Hazard-Risk-JSA-Cleaning Batch Chargers.doc","BATCH & FURNACE","Hazard-Risk-JSA-Cleaning Batch Chargers",".doc","186880"
"JSA 2010\BATCH & FURNACE\Hazard-Risk-JSA-Clearing Conveyor Chutes.doc","BATCH & FURNACE","Hazard-Risk-JSA-Clearing Conveyor Chutes",".doc","185344"
"JSA 2010\BATCH & FURNACE\Hazard-Risk-JSA-Cord Analysis.doc","BATCH & FURNACE","Hazard-Risk-JSA-Cord Analysis",".doc","184832"
"JSA 2010\BATCH & FURNACE\Hazard-Risk-JSA-Cullet Analysis.doc","BATCH & FURNACE","Hazard-Risk-JSA-Cullet Analysis",".doc","188416"
"JSA 2010\BATCH & FURNACE\Hazard-Risk-JSA-Density Analysis.doc","BATCH & FURNACE","Hazard-Risk-JSA-Density Analysis",".doc","188416"
"JSA 2010\BATCH & FURNACE\Hazard-Risk-JSA-Empty Bin Using Kerrick Hoist.doc","BATCH & FURNACE","Hazard-Risk-JSA-Empty Bin Using Kerrick Hoist",".doc","183296"
"JSA 2010\BATCH & FURNACE\Hazard-Risk-JSA-Excess Oxygen Measurement.doc","BATCH & FURNACE","Hazard-Risk-JSA-Excess Oxygen Measurement",".doc","189952"
"JSA 2010\BATCH & FURNACE\Hazard-Risk-JSA-Filling Mobile Hopper with Iron Chromite.doc","BATCH & FURNACE","Hazard-Risk-JSA-Filling Mobile Hopper with Iron Chromite",".doc","187392"
"JSA 2010\BATCH & FURNACE\Hazard-Risk-JSA-Glass Colour Analysis.doc","BATCH & FURNACE","Hazard-Risk-JSA-Glass Colour Analysis",".doc","184832"
"JSA 2010\BATCH & FURNACE\Hazard-Risk-JSA-Lime Dip.doc","BATCH & FURNACE","Hazard-Risk-JSA-Lime Dip",".doc","188416"
"JSA 2010\BATCH & FURNACE\Hazard-Risk-JSA-Operating Kerrick Vacuum.doc","BATCH & FURNACE","Hazard-Risk-JSA-Operating Kerrick Vacuum",".doc","178176"
"JSA 2010\BATCH & FURNACE\Hazard-Risk-JSA-Regen Insulation Spraying.doc","BATCH & FURNACE","Hazard-Risk-JSA-Regen Insulation Spraying",".doc","187904"
"JSA 2010\BATCH & FURNACE\Hazard-Risk-JSA-Sand Moisture Analysis.doc","BATCH & FURNACE","Hazard-Risk-JSA-Sand Moisture Analysis",".doc","187392"
"JSA 2010\BATCH & FURNACE\Hazard-Risk-JSA-Strapping Empty Bulk Bag.doc","BATCH & FURNACE","Hazard-Risk-JSA-Strapping Empty Bulk Bag",".doc","181760"
"JSA 2010\BATCH & FURNACE\Hazard-Risk-JSA-Thermal Profile.doc","BATCH & FURNACE","Hazard-Risk-JSA-Thermal Profile",".doc","189952"
"JSA 2010\BATCH & FURNACE\JSA- Installing wind cooling on the crown.doc","BATCH & FURNACE","JSA- Installing wind cooling on the crown",".doc","142848"
"JSA 2010\BATCH & FURNACE\JSA-Burner Block Replacement.doc","BATCH & FURNACE","JSA-Burner Block Replacement",".doc","148480"
"JSA 2010\BATCH & FURNACE\JSA-Cat Loader Operation.doc","BATCH & FURNACE","JSA-Cat Loader Operation",".doc","143872"
"JSA 2010\BATCH & FURNACE\JSA-Electrode Holder Drilling.doc","BATCH & FURNACE","JSA-Electrode Holder Drilling",".doc","146944"
"JSA 2010\BATCH & FURNACE\JSA-Frit Hopper Lifting.doc","BATCH & FURNACE","JSA-Frit Hopper Lifting",".doc","140800"
"JSA 2010\BATCH & FURNACE\JSA-Installation Bubbler AK2 Colour Change.doc","BATCH & FURNACE","JSA-Installation Bubbler AK2 Colour Change",".doc","142848"
"JSA 2010\BATCH & FURNACE\JSA-Installation of windcooling.doc","BATCH & FURNACE","JSA-Installation of windcooling",".doc","141824"
"JSA 2010\BATCH & FURNACE\JSA-Komatsu Loader Operation.doc","BATCH & FURNACE","JSA-Komatsu Loader Operation",".doc","143872"
"JSA 2010\BATCH & FURNACE\JSA-Port Neck Sealing.doc","BATCH & FURNACE","JSA-Port Neck Sealing",".doc","143360"
"JSA 2010\BATCH & FURNACE\JSA-Preparation of Lancing a Furnace.doc","BATCH & FURNACE","JSA-Preparation of Lancing a Furnace",".doc","140800"
"JSA 2010\BATCH & FURNACE\JSA-Road Sweeper Operation.doc","BATCH & FURNACE","JSA-Road Sweeper Operation",".doc","143360"
"JSA 2010\BATCH & FURNACE\JSA-Testing of Furnace gas Emergency Stops.doc","BATCH & FURNACE","JSA-Testing of Furnace gas Emergency Stops",".doc","142336"
"JSA 2010\BATCH & FURNACE\JSEA 211.09.01.doc","BATCH & FURNACE","JSEA 211.09.01",".doc","76800"
"JSA 2010\BATCH & FURNACE\JSEA 211.09.02.doc","BATCH & FURNACE","JSEA 211.09.02",".doc","85504"
"JSA 2010\BATCH & FURNACE\JSEA 211.09.03.doc","BATCH & FURNACE","JSEA 211.09.03",".doc","76800"
"JSA 2010\BATCH & FURNACE\JSEA 211.09.04.doc","BATCH & FURNACE","JSEA 211.09.04",".doc","84992"
"JSA 2010\BATCH & FURNACE\JSEA 211.09.05.doc","BATCH & FURNACE","JSEA 211.09.05",".doc","77312"
"JSA 2010\BATCH & FURNACE\JSEA 211.09.06.doc","BATCH & FURNACE","JSEA 211.09.06",".doc","70144"
"JSA 2010\BATCH & FURNACE\JSEA 211.09.07.doc","BATCH & FURNACE","JSEA 211.09.07",".doc","74240"
"JSA 2010\BATCH & FURNACE\JSEA 211.09.08.doc","BATCH & FURNACE","JSEA 211.09.08",".doc","77824"
"JSA 2010\BATCH & FURNACE\JSEA 211.09.09 Removal of Hot Glass.doc","BATCH & FURNACE","JSEA 211.09.09 Removal of Hot Glass",".doc","74752"
"JSA 2010\BATCH & FURNACE\JSEA 211.09.10 Flux Line Repair.doc","BATCH & FURNACE","JSEA 211.09.10 Flux Line Repair",".doc","79872"
"JSA 2010\BATCH & FURNACE\JSEA 211.09.11 Excess Oxygen Measurement for Furnace.doc","BATCH & FURNACE","JSEA 211.09.11 Excess Oxygen Measurement for Furnace",".doc","147968"
"JSA 2010\BATCH & FURNACE\JSEA 211.09.12 Burner Block Replacement.doc","BATCH & FURNACE","JSEA 211.09.12 Burner Block Replacement",".doc","152064"
"JSA 2010\BATCH & FURNACE\JSEA 211.09.13 Installation Bubbler AK2 Colour Change.doc","BATCH & FURNACE","JSEA 211.09.13 Installation Bubbler AK2 Colour Change",".doc","146944"
"JSA 2010\BATCH & FURNACE\JSEA 211.09.14 Electrode Holder Drilling.doc","BATCH & FURNACE","JSEA 211.09.14 Electrode Holder Drilling",".doc","149504"
"JSA 2010\BATCH & FURNACE\JSEA 211.09.15 Thermal Profile of Furnace.doc","BATCH & FURNACE","JSEA 211.09.15 Thermal Profile of Furnace",".doc","147456"
"JSA 2010\BATCH & FURNACE\JSEA 211.10.01 Cat Loader Operation.doc","BATCH & FURNACE","JSEA 211.10.01 Cat Loader Operation",".doc","75776"
"JSA 2010\BATCH & FURNACE\JSEA 211.10.02 Fork Hoist Operation.doc","BATCH & FURNACE","JSEA 211.10.02 Fork Hoist Operation",".doc","75776"
"JSA 2010\BATCH & FURNACE\JSEA 211.10.03 Komatsu Loader Operation.doc","BATCH & FURNACE","JSEA 211.10.03 Komatsu Loader Operation",".doc","75776"
"JSA 2010\BATCH & FURNACE\JSEA 211.10.04 Road Sweeper Operation.doc","BATCH & FURNACE","JSEA 211.10.04 Road Sweeper Operation",".doc","76288"
"JSA 2010\BATCH & FURNACE\JSEA 211.11.01.doc","BATCH & FURNACE","JSEA 211.11.01",".doc","72704"
"JSA 2010\BATCH & FURNACE\JSEA 211.11.02 Frit Hopper Lifting.doc","BATCH & FURNACE","JSEA 211.11.02 Frit Hopper Lifting",".doc","144896"
"JSA 2010\BATCH & FURNACE\JSEA 211.11.03 Install Silo Chute Feeder.doc","BATCH & FURNACE","JSEA 211.11.03 Install Silo Chute Feeder",".doc","146944"
"JSA 2010\BATCH & FURNACE\JSEA 211.12.01.doc","BATCH & FURNACE","JSEA 211.12.01",".doc","86016"
"JSA 2010\BATCH & FURNACE\JSEA 211.13.01.doc","BATCH & FURNACE","JSEA 211.13.01",".doc","79872"
"JSA 2010\BATCH & FURNACE\JSEA 211.13.02.doc","BATCH & FURNACE","JSEA 211.13.02",".doc","73216"
"JSA 2010\BATCH & FURNACE\JSEA-Excess Oxygen Measurement for Furnace.doc","BATCH & FURNACE","JSEA-Excess Oxygen Measurement for Furnace",".doc","143872"
"JSA 2010\BATCH & FURNACE\JSEA-Thermal Profile of Furnace.doc","BATCH & FURNACE","JSEA-Thermal Profile of Furnace",".doc","143360"
"JSA 2010\CONTRACTOR\JSA-Cut Inspection Hole[Contractor].doc","CONTRACTOR","JSA-Cut Inspection Hole[Contractor]",".doc","147968"
"JSA 2010\CONTRACTOR\JSA-Erect Platform[Contractor].doc","CONTRACTOR","JSA-Erect Platform[Contractor]",".doc","147968"
"JSA 2010\CONTRACTOR\JSA-Installing High Speed Doors[Contractor].doc","CONTRACTOR","JSA-Installing High Speed Doors[Contractor]",".doc","133632"
"JSA 2010\CONTRACTOR\JSA-Upgrade of Spray Booth[Contractor].doc","CONTRACTOR","JSA-Upgrade of Spray Booth[Contractor]",".doc","148992"
"JSA 2010\ELECTRICAL\JSA- Changing Lights over 3metres.doc","ELECTRICAL","JSA- Changing Lights over 3metres",".doc","143360"
"JSA 2010\ELECTRICAL\JSA- Changing Lights under 10ft.doc","ELECTRICAL","JSA- Changing Lights under 10ft",".doc","141312"
"JSA 2010\ELECTRICAL\JSA- Changing Lights under 3metres.doc","ELECTRICAL","JSA- Changing Lights under 3metres",".doc","141312"
"JSA 2010\ELECTRICAL\JSA-Bench Grinder.doc","ELECTRICAL","JSA-Bench Grinder",".doc","142848"
"JSA 2010\ELECTRICAL\JSA-Change Operator Panel on Emhart IS Machine.doc","ELECTRICAL","JSA-Change Operator Panel on Emhart IS Machine",".doc","146944"
"JSA 2010\ELECTRICAL\JSA-Check 21 Chute up-down Proximity Switches.doc","ELECTRICAL","JSA-Check 21 Chute up-down Proximity Switches",".doc","142336"
"JSA 2010\ELECTRICAL\JSA-Checking a Fuse.doc","ELECTRICAL","JSA-Checking a Fuse",".doc","145408"
"JSA 2010\ELECTRICAL\JSA-Clean GCS Cards.doc","ELECTRICAL","JSA-Clean GCS Cards",".doc","142336"
"JSA 2010\ELECTRICAL\JSA-Drill Press.doc","ELECTRICAL","JSA-Drill Press",".doc","142848"
"JSA 2010\ELECTRICAL\JSA-Finish Coating Meter.doc","ELECTRICAL","JSA-Finish Coating Meter",".doc","143872"
"JSA 2010\ELECTRICAL\JSA-Hot End Coating Meter.doc","ELECTRICAL","JSA-Hot End Coating Meter",".doc","144896"
"JSA 2010\ELECTRICAL\JSA-ICK.doc","ELECTRICAL","JSA-ICK",".doc","144384"
"JSA 2010\ELECTRICAL\JSA-Ink Jet Printer.doc","ELECTRICAL","JSA-Ink Jet Printer",".doc","142336"
"JSA 2010\ELECTRICAL\JSA-Inspection of data Accumulator.doc","ELECTRICAL","JSA-Inspection of data Accumulator",".doc","140800"
"JSA 2010\ELECTRICAL\JSA-Jig Saw.doc","ELECTRICAL","JSA-Jig Saw",".doc","142336"
"JSA 2010\ELECTRICAL\JSA-Job Changes.doc","ELECTRICAL","JSA-Job Changes",".doc","145408"
"JSA 2010\ELECTRICAL\JSA-LehrSprays & Back up Unit.doc","ELECTRICAL","JSA-LehrSprays & Back up Unit",".doc","143360"
"JSA 2010\ELECTRICAL\JSA-Ramp Pressure Tester.doc","ELECTRICAL","JSA-Ramp Pressure Tester",".doc","142848"
"JSA 2010\ELECTRICAL\JSA-Repair Faulty Lights.doc","ELECTRICAL","JSA-Repair Faulty Lights",".doc","146432"
"JSA 2010\ELECTRICAL\JSA-replace 23 Conveyor Cooling Motor Starter.doc","ELECTRICAL","JSA-replace 23 Conveyor Cooling Motor Starter",".doc","144896"
"JSA 2010\ELECTRICAL\JSA-Replacing Broken 400v-230v.doc","ELECTRICAL","JSA-Replacing Broken 400v-230v",".doc","142848"
"JSA 2010\ELECTRICAL\JSA-Replacing Motors.doc","ELECTRICAL","JSA-Replacing Motors",".doc","144384"
"JSA 2010\ELECTRICAL\JSA-Shuttle Car.doc","ELECTRICAL","JSA-Shuttle Car",".doc","145408"
"JSA 2010\ELECTRICAL\JSA-Super Scan.doc","ELECTRICAL","JSA-Super Scan",".doc","144384"
"JSA 2010\ELECTRICAL\JSA-Test 3 Phase Motor.doc","ELECTRICAL","JSA-Test 3 Phase Motor",".doc","147456"
"JSA 2010\ELECTRICAL\JSA-Working above Lehrs.doc","ELECTRICAL","JSA-Working above Lehrs",".doc","145408"
"JSA 2010\ELECTRICAL\JSEA 217.13.05 Isolation for Boost Systems.doc","ELECTRICAL","JSEA 217.13.05 Isolation for Boost Systems",".doc","77312"
"JSA 2010\ELECTRICAL\JSEA 217.13.06 Installation of Machine Timing Cables.doc","ELECTRICAL","JSEA 217.13.06 Installation of Machine Timing Cables",".doc","71680"
"JSA 2010\ELECTRICAL\JSEA 217.13.07 Installing Splash Guard on Elect. Cabinet.doc","ELECTRICAL","JSEA 217.13.07 Installing Splash Guard on Elect. Cabinet",".doc","71168"
"JSA 2010\ELECTRICAL\JSEA 217.13.08 FP Removals.doc","ELECTRICAL","JSEA 217.13.08 FP Removals",".doc","72192"
"JSA 2010\ELECTRICAL\JSEA 217.13.09 Relocate Control Panel Machine Fan.doc","ELECTRICAL","JSEA 217.13.09 Relocate Control Panel Machine Fan",".doc","73216"
"JSA 2010\ELECTRICAL\JSEA 217.13.10 Working above Lehrs.doc","ELECTRICAL","JSEA 217.13.10 Working above Lehrs",".doc","148992"
"JSA 2010\ELECTRICAL\JSEA 217.13.11 Repair Faulty Lights.doc","ELECTRICAL","JSEA 217.13.11 Repair Faulty Lights",".doc","151552"
"JSA 2010\ELECTRICAL\JSEA 217.13.12 Check 21 Chute up-down Proximity Switches.doc","ELECTRICAL","JSEA 217.13.12 Check 21 Chute up-down Proximity Switches",".doc","146432"
"JSA 2010\ELECTRICAL\JSEA 217.13.13 Replace 23 Conveyor Cooling Motor Starter.doc","ELECTRICAL","JSEA 217.13.13 Replace 23 Conveyor Cooling Motor Starter",".doc","149504"
"JSA 2010\ELECTRICAL\JSEA 217.13.15 Clean GCS Cards.doc","ELECTRICAL","JSEA 217.13.15 Clean GCS Cards",".doc","146944"
"JSA 2010\ELECTRICAL\JSEA 217.13.16 Bench Grinder.doc","ELECTRICAL","JSEA 217.13.16 Bench Grinder",".doc","142848"
"JSA 2010\ELECTRICAL\JSEA 217.13.17 ICK Lockout.doc","ELECTRICAL","JSEA 217.13.17 ICK Lockout",".doc","144384"
"JSA 2010\ELECTRICAL\JSEA 217.13.18 Drill Press.doc","ELECTRICAL","JSEA 217.13.18 Drill Press",".doc","142848"
"JSA 2010\ELECTRICAL\JSEA 217.13.19 Finish Coating Meter.doc","ELECTRICAL","JSEA 217.13.19 Finish Coating Meter",".doc","143872"
"JSA 2010\ELECTRICAL\JSEA 217.13.20 Hot End Coating Meter.doc","ELECTRICAL","JSEA 217.13.20 Hot End Coating Meter",".doc","144896"
"JSA 2010\ELECTRICAL\JSEA 217.13.21 Ramp Pressure Tester.doc","ELECTRICAL","JSEA 217.13.21 Ramp Pressure Tester",".doc","142848"
"JSA 2010\ELECTRICAL\JSEA 217.13.22 Jig Saw.doc","ELECTRICAL","JSEA 217.13.22 Jig Saw",".doc","142336"
"JSA 2010\ELECTRICAL\JSEA 217.13.23 Job Changes.doc","ELECTRICAL","JSEA 217.13.23 Job Changes",".doc","145408"
"JSA 2010\ELECTRICAL\JSEA 217.13.24 Super Scan.doc","ELECTRICAL","JSEA 217.13.24 Super Scan",".doc","144384"
"JSA 2010\ELECTRICAL\JSEA 217.13.25 Shuttle Car.doc","ELECTRICAL","JSEA 217.13.25 Shuttle Car",".doc","145408"
"JSA 2010\ELECTRICAL\JSEA 217.13.26 Ink Jet Printer.doc","ELECTRICAL","JSEA 217.13.26 Ink Jet Printer",".doc","142336"
"JSA 2010\ELECTRICAL\JSEA 217.13.27 Lehr Sprays & Backup Unit.doc","ELECTRICAL","JSEA 217.13.27 Lehr Sprays & Backup Unit",".doc","143360"
"JSA 2010\ELECTRICAL\JSEA 217.13.28 Replacing Motors.doc","ELECTRICAL","JSEA 217.13.28 Replacing Motors",".doc","144384"
"JSA 2010\ELECTRICAL\JSEA 217.13.29 Replacing Broken 400v - 230vMotors.doc","ELECTRICAL","JSEA 217.13.29 Replacing Broken 400v - 230vMotors",".doc","142848"
"JSA 2010\ENGINEERING\JSA-Changing Section of Vacuum Line.doc","ENGINEERING","JSA-Changing Section of Vacuum Line",".doc","141824"
"JSA 2010\ENGINEERING\JSA-Remove Cullet Water Pump.doc","ENGINEERING","JSA-Remove Cullet Water Pump",".doc","142848"
"JSA 2010\ENGINEERING\JSA-Replace Cullet 2 Slide Plate.doc","ENGINEERING","JSA-Replace Cullet 2 Slide Plate",".doc","143360"
"JSA 2010\ENGINEERING\JSA-Replacing Tank 2 Drag Bucket.doc","ENGINEERING","JSA-Replacing Tank 2 Drag Bucket",".doc","141824"
"JSA 2010\ENGINEERING\JSEA-Running Cables for I.T..doc","ENGINEERING","JSEA-Running Cables for I.T.",".doc","141824"
"JSA 2010\FACTORY MAINTENANCE\JSA- Re-Clipping Conveyor Belt.doc","FACTORY MAINTENANCE","JSA- Re-Clipping Conveyor Belt",".doc","143360"
"JSA 2010\FACTORY MAINTENANCE\JSA-Cleaning Food Mach.doc","FACTORY MAINTENANCE","JSA-Cleaning Food Mach",".doc","135168"
"JSA 2010\FACTORY MAINTENANCE\JSA-Filter Replacement on Fans.doc","FACTORY MAINTENANCE","JSA-Filter Replacement on Fans",".doc","144384"
"JSA 2010\FACTORY MAINTENANCE\JSA-Fitting Motor to Cullet Water Pump.doc","FACTORY MAINTENANCE","JSA-Fitting Motor to Cullet Water Pump",".doc","142848"
"JSA 2010\FACTORY MAINTENANCE\JSA-Install Covers around 31 Forehearth.doc","FACTORY MAINTENANCE","JSA-Install Covers around 31 Forehearth",".doc","138752"
"JSA 2010\FACTORY MAINTENANCE\JSA-Install New Shuttle Car.doc","FACTORY MAINTENANCE","JSA-Install New Shuttle Car",".doc","140800"
"JSA 2010\FACTORY MAINTENANCE\JSA-Install Ramps & Side Barriers.doc","FACTORY MAINTENANCE","JSA-Install Ramps & Side Barriers",".doc","145408"
"JSA 2010\FACTORY MAINTENANCE\JSA-Install Silo Chute Feeder.doc","FACTORY MAINTENANCE","JSA-Install Silo Chute Feeder",".doc","143360"
"JSA 2010\FACTORY MAINTENANCE\JSA-Plant Greasing Overview.doc","FACTORY MAINTENANCE","JSA-Plant Greasing Overview",".doc","142848"
"JSA 2010\FACTORY MAINTENANCE\JSA-Removal-Install Vacuum Pumps.doc","FACTORY MAINTENANCE","JSA-Removal-Install Vacuum Pumps",".doc","144896"
"JSA 2010\FACTORY MAINTENANCE\JSA-Repair 34 Chute.doc","FACTORY MAINTENANCE","JSA-Repair 34 Chute",".doc","143872"
"JSA 2010\FACTORY MAINTENANCE\JSA-Repair main gob chute machine floor.doc","FACTORY MAINTENANCE","JSA-Repair main gob chute machine floor",".doc","141824"
"JSA 2010\FACTORY MAINTENANCE\JSA-Repairs to No 2 Mixer.doc","FACTORY MAINTENANCE","JSA-Repairs to No 2 Mixer",".doc","147968"
"JSA 2010\FACTORY MAINTENANCE\JSA-Replace End of 21 Gob Reject Chute.doc","FACTORY MAINTENANCE","JSA-Replace End of 21 Gob Reject Chute",".doc","146432"
"JSA 2010\FACTORY MAINTENANCE\JSA-Replace FP Infeed Drive Shaft Bearings.doc","FACTORY MAINTENANCE","JSA-Replace FP Infeed Drive Shaft Bearings",".doc","142336"
"JSA 2010\FACTORY MAINTENANCE\JSA-Replace Glass Crusher.doc","FACTORY MAINTENANCE","JSA-Replace Glass Crusher",".doc","140800"
"JSA 2010\FACTORY MAINTENANCE\JSA-Replace Gutter.doc","FACTORY MAINTENANCE","JSA-Replace Gutter",".doc","146432"
"JSA 2010\FACTORY MAINTENANCE\JSA-Replace Section of Elevator Shute.doc","FACTORY MAINTENANCE","JSA-Replace Section of Elevator Shute",".doc","143872"
"JSA 2010\FACTORY MAINTENANCE\JSA-Replace Wheels on Tank 2 Cullet Drag.doc","FACTORY MAINTENANCE","JSA-Replace Wheels on Tank 2 Cullet Drag",".doc","143360"
"JSA 2010\FACTORY MAINTENANCE\JSA-Replacing Wheels on MSK Turntable.doc","FACTORY MAINTENANCE","JSA-Replacing Wheels on MSK Turntable",".doc","142848"
"JSA 2010\FACTORY MAINTENANCE\JSA-Replate TK2 Elevator.doc","FACTORY MAINTENANCE","JSA-Replate TK2 Elevator",".doc","141312"
"JSA 2010\FACTORY MAINTENANCE\JSEA 217.01.03 Remove Machine Fan (Contractors).doc","FACTORY MAINTENANCE","JSEA 217.01.03 Remove Machine Fan (Contractors)",".doc","84992"
"JSA 2010\FACTORY MAINTENANCE\JSEA 217.01.04 Remove redundant Pipework (Contractors).doc","FACTORY MAINTENANCE","JSEA 217.01.04 Remove redundant Pipework (Contractors)",".doc","76288"
"JSA 2010\FACTORY MAINTENANCE\JSEA 217.01.05 Erection of the Stack (Contractors).doc","FACTORY MAINTENANCE","JSEA 217.01.05 Erection of the Stack (Contractors)",".doc","78336"
"JSA 2010\FACTORY MAINTENANCE\JSEA 217.01.06 Painting Pipework Lehr & Machine.doc","FACTORY MAINTENANCE","JSEA 217.01.06 Painting Pipework Lehr & Machine",".doc","73216"
"JSA 2010\FACTORY MAINTENANCE\JSEA 217.01.07 Cleaning Machine Cooling Fan.doc","FACTORY MAINTENANCE","JSEA 217.01.07 Cleaning Machine Cooling Fan",".doc","71680"
"JSA 2010\FACTORY MAINTENANCE\JSEA 217.01.08 Cut 200mm Hole in Mc Floor.doc","FACTORY MAINTENANCE","JSEA 217.01.08 Cut 200mm Hole in Mc Floor",".doc","71680"
"JSA 2010\FACTORY MAINTENANCE\JSEA 217.01.09 Install Duct Work & Equipment.doc","FACTORY MAINTENANCE","JSEA 217.01.09 Install Duct Work & Equipment",".doc","92160"
"JSA 2010\FACTORY MAINTENANCE\JSEA 217.01.10 Steam Clean Mc Fan in Basement.doc","FACTORY MAINTENANCE","JSEA 217.01.10 Steam Clean Mc Fan in Basement",".doc","72704"
"JSA 2010\FACTORY MAINTENANCE\JSEA 217.01.11 Weld Brackets on Mc Basement Fan.doc","FACTORY MAINTENANCE","JSEA 217.01.11 Weld Brackets on Mc Basement Fan",".doc","71680"
"JSA 2010\FACTORY MAINTENANCE\JSEA 217.01.12 Replace Bearing on Fan.doc","FACTORY MAINTENANCE","JSEA 217.01.12 Replace Bearing on Fan",".doc","76800"
"JSA 2010\FACTORY MAINTENANCE\JSEA 217.01.13 Remove, Repair, Re-install Wind Dampers under Mc.doc","FACTORY MAINTENANCE","JSEA 217.01.13 Remove, Repair, Re-install Wind Dampers under Mc",".doc","72704"
"JSA 2010\FACTORY MAINTENANCE\JSEA 217.01.14 Repair Floor Grid on #31 Feeder.doc","FACTORY MAINTENANCE","JSEA 217.01.14 Repair Floor Grid on #31 Feeder",".doc","72704"
"JSA 2010\FACTORY MAINTENANCE\JSEA 217.01.15 Clean Machine Cooling Fan AK3.doc","FACTORY MAINTENANCE","JSEA 217.01.15 Clean Machine Cooling Fan AK3",".doc","72192"
"JSA 2010\FACTORY MAINTENANCE\JSEA 217.01.16 Cut 200mm Hole in Machine Floor.doc","FACTORY MAINTENANCE","JSEA 217.01.16 Cut 200mm Hole in Machine Floor",".doc","73728"
"JSA 2010\FACTORY MAINTENANCE\JSEA 217.01.17 Oxy Cutting, Welding & Grinding (on or near Slat Band Conveyor).doc","FACTORY MAINTENANCE","JSEA 217.01.17 Oxy Cutting, Welding & Grinding (on or near Slat Band Conveyor)",".doc","76800"
"JSA 2010\FACTORY MAINTENANCE\JSEA 217.01.18 Use of Power Tools.doc","FACTORY MAINTENANCE","JSEA 217.01.18 Use of Power Tools",".doc","72192"
"JSA 2010\FACTORY MAINTENANCE\JSEA 217.01.19 Using Non Powered Hand Tools.doc","FACTORY MAINTENANCE","JSEA 217.01.19 Using Non Powered Hand Tools",".doc","70656"
"JSA 2010\FACTORY MAINTENANCE\JSEA 217.01.20 Working on the Roof.doc","FACTORY MAINTENANCE","JSEA 217.01.20 Working on the Roof",".doc","91136"
"JSA 2010\FACTORY MAINTENANCE\JSEA 217.01.21 Install Mc Fan in Basement (Contractors).doc","FACTORY MAINTENANCE","JSEA 217.01.21 Install Mc Fan in Basement (Contractors)",".doc","75264"
"JSA 2010\FACTORY MAINTENANCE\JSEA 217.01.23 Replace Gutter.doc","FACTORY MAINTENANCE","JSEA 217.01.23 Replace Gutter",".doc","150016"
"JSA 2010\FACTORY MAINTENANCE\JSEA 217.01.24 Filter Replacement on Fans.doc","FACTORY MAINTENANCE","JSEA 217.01.24 Filter Replacement on Fans",".doc","147968"
"JSA 2010\FACTORY MAINTENANCE\JSEA 217.01.25 Plant Greasing Overview.doc","FACTORY MAINTENANCE","JSEA 217.01.25 Plant Greasing Overview",".doc","146432"
"JSA 2010\FACTORY MAINTENANCE\JSEA 217.01.26 General Rules for using a Forkhoist.doc","FACTORY MAINTENANCE","JSEA 217.01.26 General Rules for using a Forkhoist",".doc","133120"
"JSA 2010\FACTORY MAINTENANCE\JSEA 217.01.27 Repairs to No 2 Mixer.doc","FACTORY MAINTENANCE","JSEA 217.01.27 Repairs to No 2 Mixer",".doc","152576"
"JSA 2010\FACTORY MAINTENANCE\JSEA 217.02.04 Install sign on Monorail.doc","FACTORY MAINTENANCE","JSEA 217.02.04 Install sign on Monorail",".doc","72192"
"JSA 2010\FACTORY MAINTENANCE\JSEA 217.02.05 Crane Operations.doc","FACTORY MAINTENANCE","JSEA 217.02.05 Crane Operations",".doc","83968"
"JSA 2010\FACTORY MAINTENANCE\JSEA 217.02.06 Install Ramps & Side Barriers.doc","FACTORY MAINTENANCE","JSEA 217.02.06 Install Ramps & Side Barriers",".doc","149504"
"JSA 2010\FACTORY MAINTENANCE\JSEA 217.03.02 Remove FPS Art Conveyor & Mc.doc","FACTORY MAINTENANCE","JSEA 217.03.02 Remove FPS Art Conveyor & Mc",".doc","71680"
"JSA 2010\FACTORY MAINTENANCE\JSEA 217.03.03 Repair Main Gob Chute (Mc floor).doc","FACTORY MAINTENANCE","JSEA 217.03.03 Repair Main Gob Chute (Mc floor)",".doc","72704"
"JSA 2010\FACTORY MAINTENANCE\JSEA 217.03.04 Remove & Install Conveyor Extension.doc","FACTORY MAINTENANCE","JSEA 217.03.04 Remove & Install Conveyor Extension",".doc","77824"
"JSA 2010\FACTORY MAINTENANCE\JSEA 217.03.05 Cleaning Food Mach.doc","FACTORY MAINTENANCE","JSEA 217.03.05 Cleaning Food Mach",".doc","139776"
"JSA 2010\FACTORY MAINTENANCE\JSEA 217.03.06 Repair Lehr Unloader.doc","FACTORY MAINTENANCE","JSEA 217.03.06 Repair Lehr Unloader",".doc","73216"
"JSA 2010\FACTORY MAINTENANCE\JSEA 217.03.07 Lift & Set Art Mc Height.doc","FACTORY MAINTENANCE","JSEA 217.03.07 Lift & Set Art Mc Height",".doc","73216"
"JSA 2010\FACTORY MAINTENANCE\JSEA 217.03.08 Job Change Foodmach.doc","FACTORY MAINTENANCE","JSEA 217.03.08 Job Change Foodmach",".doc","75264"
"JSA 2010\FACTORY MAINTENANCE\JSEA 217.03.09 Re-Clipping Conveyor Belt.doc","FACTORY MAINTENANCE","JSEA 217.03.09 Re-Clipping Conveyor Belt",".doc","147456"
"JSA 2010\FACTORY MAINTENANCE\JSEA 217.03.10 Replace FP Infeed Drive Shaft Bearings.doc","FACTORY MAINTENANCE","JSEA 217.03.10 Replace FP Infeed Drive Shaft Bearings",".doc","145920"
"JSA 2010\FACTORY MAINTENANCE\JSEA 217.03.11 Install New Shuttle Car.doc","FACTORY MAINTENANCE","JSEA 217.03.11 Install New Shuttle Car",".doc","140800"
"JSA 2010\FACTORY MAINTENANCE\JSEA 217.03.12 Replacing Wheels on MSK Turntable.doc","FACTORY MAINTENANCE","JSEA 217.03.12 Replacing Wheels on MSK Turntable",".doc","146432"
"JSA 2010\FACTORY MAINTENANCE\JSEA 217.04.02 Remove & Install Cullet Drag.doc","FACTORY MAINTENANCE","JSEA 217.04.02 Remove & Install Cullet Drag",".doc","77312"
"JSA 2010\FACTORY MAINTENANCE\JSEA 217.04.03 Tank 2 Crusher Pedestal.doc","FACTORY MAINTENANCE","JSEA 217.04.03 Tank 2 Crusher Pedestal",".doc","86016"
"JSA 2010\FACTORY MAINTENANCE\JSEA 217.04.04 Replace Vibrating Conveyor Coil Tank 2 Drag.doc","FACTORY MAINTENANCE","JSEA 217.04.04 Replace Vibrating Conveyor Coil Tank 2 Drag",".doc","75776"
"JSA 2010\FACTORY MAINTENANCE\JSEA 217.04.05 Replace Shear Pin on Tank 2 Drag.doc","FACTORY MAINTENANCE","JSEA 217.04.05 Replace Shear Pin on Tank 2 Drag",".doc","75776"
"JSA 2010\FACTORY MAINTENANCE\JSEA 217.04.06 Replace Chains on Drag Bucket Tank 2.doc","FACTORY MAINTENANCE","JSEA 217.04.06 Replace Chains on Drag Bucket Tank 2",".doc","76288"
"JSA 2010\FACTORY MAINTENANCE\JSEA 217.04.07 Replacing Tank 2 Drag Bucket.doc","FACTORY MAINTENANCE","JSEA 217.04.07 Replacing Tank 2 Drag Bucket",".doc","139776"
"JSA 2010\FACTORY MAINTENANCE\JSEA 217.04.08 Changing Paddles in the Zippy.doc","FACTORY MAINTENANCE","JSEA 217.04.08 Changing Paddles in the Zippy",".doc","75776"
"JSA 2010\FACTORY MAINTENANCE\JSEA 217.04.09 Accessing the AK2 Drag Area.doc","FACTORY MAINTENANCE","JSEA 217.04.09 Accessing the AK2 Drag Area",".doc","80384"
"JSA 2010\FACTORY MAINTENANCE\JSEA 217.04.10 Repair 34 Chute.doc","FACTORY MAINTENANCE","JSEA 217.04.10 Repair 34 Chute",".doc","147456"
"JSA 2010\FACTORY MAINTENANCE\JSEA 217.04.11 Replace Section of Elevator Shute.doc","FACTORY MAINTENANCE","JSEA 217.04.11 Replace Section of Elevator Shute",".doc","147968"
"JSA 2010\FACTORY MAINTENANCE\JSEA 217.04.12 Replace End of 21 Gob Reject Chute.doc","FACTORY MAINTENANCE","JSEA 217.04.12 Replace End of 21 Gob Reject Chute",".doc","150528"
"JSA 2010\FACTORY MAINTENANCE\JSEA 217.04.13 Repair main gob chute machine floor.doc","FACTORY MAINTENANCE","JSEA 217.04.13 Repair main gob chute machine floor",".doc","146944"
"JSA 2010\FACTORY MAINTENANCE\JSEA 217.04.14 Replace Wheels on Tank 2 Cullet Drag.doc","FACTORY MAINTENANCE","JSEA 217.04.14 Replace Wheels on Tank 2 Cullet Drag",".doc","148480"
"JSA 2010\FACTORY MAINTENANCE\JSEA 217.04.15 Replace Glass Crusher.doc","FACTORY MAINTENANCE","JSEA 217.04.15 Replace Glass Crusher",".doc","145408"
"JSA 2010\FACTORY MAINTENANCE\JSEA 217.04.16 Remove & Install Cullet Chutes.doc","FACTORY MAINTENANCE","JSEA 217.04.16 Remove & Install Cullet Chutes",".doc","76800"
"JSA 2010\FACTORY MAINTENANCE\JSEA 217.04.17 Fitting Motor to Cullet Water Pump.doc","FACTORY MAINTENANCE","JSEA 217.04.17 Fitting Motor to Cullet Water Pump",".doc","147456"
"JSA 2010\FACTORY MAINTENANCE\JSEA 217.04.18 Remove Cullet Water Pump.doc","FACTORY MAINTENANCE","JSEA 217.04.18 Remove Cullet Water Pump",".doc","140288"
"JSA 2010\FACTORY MAINTENANCE\JSEA 217.04.19 Replace Cullet 2 Slide Plate.doc","FACTORY MAINTENANCE","JSEA 217.04.19 Replace Cullet 2 Slide Plate",".doc","140800"
"JSA 2010\FINISHED PRODUCTS\JSA - Labelling of No Reads.doc","FINISHED PRODUCTS","JSA - Labelling of No Reads",".doc","196096"
"JSA 2010\FINISHED PRODUCTS\JSA- Loading layerboard.doc","FINISHED PRODUCTS","JSA- Loading layerboard",".doc","143360"
"JSA 2010\FINISHED PRODUCTS\JSA-Checking Annealing.doc","FINISHED PRODUCTS","JSA-Checking Annealing",".doc","142848"
"JSA 2010\FINISHED PRODUCTS\JSA-Checking hourly samples sets-Verifier.doc","FINISHED PRODUCTS","JSA-Checking hourly samples sets-Verifier",".doc","142336"
"JSA 2010\FINISHED PRODUCTS\JSA-Clearing a Jamup on ICK.doc","FINISHED PRODUCTS","JSA-Clearing a Jamup on ICK",".doc","141824"
"JSA 2010\FINISHED PRODUCTS\JSA-Clearing FP Jamup.doc","FINISHED PRODUCTS","JSA-Clearing FP Jamup",".doc","145408"
"JSA 2010\FINISHED PRODUCTS\JSA-Cutting Plastic Caps.doc","FINISHED PRODUCTS","JSA-Cutting Plastic Caps",".doc","144896"
"JSA 2010\FINISHED PRODUCTS\JSA-Foodmach Operation.doc","FINISHED PRODUCTS","JSA-Foodmach Operation",".doc","144384"
"JSA 2010\FINISHED PRODUCTS\JSA-FP Sampling.doc","FINISHED PRODUCTS","JSA-FP Sampling",".doc","142848"
"JSA 2010\FINISHED PRODUCTS\JSA-Install Shut Tank3 [Contractor].doc","FINISHED PRODUCTS","JSA-Install Shut Tank3 [Contractor]",".doc","150016"
"JSA 2010\FINISHED PRODUCTS\JSA-Loading Layerboard Pallets onto Foodmac.doc","FINISHED PRODUCTS","JSA-Loading Layerboard Pallets onto Foodmac",".doc","143360"
"JSA 2010\FINISHED PRODUCTS\JSA-Manual Pressure Testing.doc","FINISHED PRODUCTS","JSA-Manual Pressure Testing",".doc","144896"
"JSA 2010\FINISHED PRODUCTS\JSA-Moving Pallets.doc","FINISHED PRODUCTS","JSA-Moving Pallets",".doc","145920"
"JSA 2010\FINISHED PRODUCTS\JSA-Operating Shuttlecar in Manual.doc","FINISHED PRODUCTS","JSA-Operating Shuttlecar in Manual",".doc","144384"
"JSA 2010\FINISHED PRODUCTS\JSA-Pallet Magazine.doc","FINISHED PRODUCTS","JSA-Pallet Magazine",".doc","143360"
"JSA 2010\FINISHED PRODUCTS\JSA-Remove pallets from MSK line.doc","FINISHED PRODUCTS","JSA-Remove pallets from MSK line",".doc","143360"
"JSA 2010\FINISHED PRODUCTS\JSA-Section Stop -Start Mould-Blank side.doc","FINISHED PRODUCTS","JSA-Section Stop -Start Mould-Blank side",".doc","139776"
"JSA 2010\FINISHED PRODUCTS\JSA-Shift Audit.doc","FINISHED PRODUCTS","JSA-Shift Audit",".doc","189440"
"JSA 2010\FINISHED PRODUCTS\JSA-Using Capping Machine.doc","FINISHED PRODUCTS","JSA-Using Capping Machine",".doc","194560"
"JSA 2010\FINISHED PRODUCTS\JSA-Using Compressed Air for Cleaning.doc","FINISHED PRODUCTS","JSA-Using Compressed Air for Cleaning",".doc","146944"
"JSA 2010\FINISHED PRODUCTS\JSA-Using Pedestrian Hoist.doc","FINISHED PRODUCTS","JSA-Using Pedestrian Hoist",".doc","150528"
"JSA 2010\FINISHED PRODUCTS\JSEA  212.17.02 Loading Layerboard Pallets onto Foodmac.doc","FINISHED PRODUCTS","JSEA  212.17.02 Loading Layerboard Pallets onto Foodmac",".doc","146944"
"JSA 2010\FINISHED PRODUCTS\JSEA - Layerseal Machine.doc","FINISHED PRODUCTS","JSEA - Layerseal Machine",".doc","144384"
"JSA 2010\FINISHED PRODUCTS\JSEA - MSK Operation.doc","FINISHED PRODUCTS","JSEA - MSK Operation",".doc","144896"
"JSA 2010\FINISHED PRODUCTS\JSEA - Replacing New Roll on MSK.doc","FINISHED PRODUCTS","JSEA - Replacing New Roll on MSK",".doc","143872"
"JSA 2010\FINISHED PRODUCTS\JSEA 212.15.01 Replacing New Roll on MSK.doc","FINISHED PRODUCTS","JSEA 212.15.01 Replacing New Roll on MSK",".doc","147456"
"JSA 2010\FINISHED PRODUCTS\JSEA 212.15.02 MSK Operation.doc","FINISHED PRODUCTS","JSEA 212.15.02 MSK Operation",".doc","148992"
"JSA 2010\FINISHED PRODUCTS\JSEA 212.15.03 Remove pallets from MSK line.doc","FINISHED PRODUCTS","JSEA 212.15.03 Remove pallets from MSK line",".doc","147456"
"JSA 2010\FINISHED PRODUCTS\JSEA 212.16.01 Operating Shuttlecar in Manual.doc","FINISHED PRODUCTS","JSEA 212.16.01 Operating Shuttlecar in Manual",".doc","147968"
"JSA 2010\FINISHED PRODUCTS\JSEA 212.17.01 Foodmach Operation.doc","FINISHED PRODUCTS","JSEA 212.17.01 Foodmach Operation",".doc","148480"
"JSA 2010\FINISHED PRODUCTS\JSEA 212.17.02 Loading Layerboard Pallets onto Foodmac.doc","FINISHED PRODUCTS","JSEA 212.17.02 Loading Layerboard Pallets onto Foodmac",".doc","146944"
"JSA 2010\FINISHED PRODUCTS\JSEA 212.17.03 Loading Layerboard.doc","FINISHED PRODUCTS","JSEA 212.17.03 Loading Layerboard",".doc","147968"
"JSA 2010\FINISHED PRODUCTS\JSEA 212.17.04 Pallet Magazine.doc","FINISHED PRODUCTS","JSEA 212.17.04 Pallet Magazine",".doc","148480"
"JSA 2010\FINISHED PRODUCTS\JSEA 212.18.01 Clearing a Jamup on ICK.doc","FINISHED PRODUCTS","JSEA 212.18.01 Clearing a Jamup on ICK",".doc","145408"
"JSA 2010\FINISHED PRODUCTS\JSEA 212.18.02 Clearing FP Jam-up.doc","FINISHED PRODUCTS","JSEA 212.18.02 Clearing FP Jam-up",".doc","150016"
"JSA 2010\FINISHED PRODUCTS\JSEA 212.18.03 Sampling.doc","FINISHED PRODUCTS","JSEA 212.18.03 Sampling",".doc","147456"
"JSA 2010\FINISHED PRODUCTS\JSEA 212.19.02 Moving-Stack 2 High Pallets.doc","FINISHED PRODUCTS","JSEA 212.19.02 Moving-Stack 2 High Pallets",".doc","146432"
"JSA 2010\FINISHED PRODUCTS\JSEA 212.20.01 Layerseal Machine.doc","FINISHED PRODUCTS","JSEA 212.20.01 Layerseal Machine",".doc","148992"
"JSA 2010\FINISHED PRODUCTS\JSEA 212.21.01 Checking Annealing.doc","FINISHED PRODUCTS","JSEA 212.21.01 Checking Annealing",".doc","146432"
"JSA 2010\FINISHED PRODUCTS\JSEA 212.22.01 Checking 2 Hourly Sample Sets - Verifier.doc","FINISHED PRODUCTS","JSEA 212.22.01 Checking 2 Hourly Sample Sets - Verifier",".doc","147968"
"JSA 2010\FINISHED PRODUCTS\JSEA 212.22.02 Manual Pressure Testing.doc","FINISHED PRODUCTS","JSEA 212.22.02 Manual Pressure Testing",".doc","150016"
"JSA 2010\FINISHED PRODUCTS\JSEA-Moving-Stack 2 High Pallets.doc","FINISHED PRODUCTS","JSEA-Moving-Stack 2 High Pallets",".doc","146432"
"JSA 2010\FINISHED PRODUCTS\SOP-Capping Machine.doc","FINISHED PRODUCTS","SOP-Capping Machine",".doc","99840"
"JSA 2010\FORMING AREA\Changing Baffles-REVIEW-09.doc","FORMING AREA","Changing Baffles-REVIEW-09",".doc","187904"
"JSA 2010\FORMING AREA\Changing Blank Hinge-Review-09.doc","FORMING AREA","Changing Blank Hinge-Review-09",".doc","188416"
"JSA 2010\FORMING AREA\Changing Blow Head-REVIEW-09.doc","FORMING AREA","Changing Blow Head-REVIEW-09",".doc","185856"
"JSA 2010\FORMING AREA\Changing Mould Hinge-Review-09.doc","FORMING AREA","Changing Mould Hinge-Review-09",".doc","187392"
"JSA 2010\FORMING AREA\Changing Neck Ring Arms-Review-09.doc","FORMING AREA","Changing Neck Ring Arms-Review-09",".doc","189440"
"JSA 2010\FORMING AREA\Changing Neck Rings 21.doc","FORMING AREA","Changing Neck Rings 21",".doc","150016"
"JSA 2010\FORMING AREA\Changing Thimble & Plunger-REVIEW-09.doc","FORMING AREA","Changing Thimble & Plunger-REVIEW-09",".doc","189952"
"JSA 2010\FORMING AREA\Changing Wiper Fingers-REVIEW-09.doc","FORMING AREA","Changing Wiper Fingers-REVIEW-09",".doc","188928"
"JSA 2010\FORMING AREA\Cleaning IS Machine with Compressed Air-REVIEW-09.doc","FORMING AREA","Cleaning IS Machine with Compressed Air-REVIEW-09",".doc","185856"
"JSA 2010\FORMING AREA\JSA Blank Hinge Change.doc","FORMING AREA","JSA Blank Hinge Change",".doc","195072"
"JSA 2010\FORMING AREA\JSA-Change Blank 23 machine [review].doc","FORMING AREA","JSA-Change Blank 23 machine [review]",".doc","151552"
"JSA 2010\FORMING AREA\JSA-Change Blank 34 machine [review].doc","FORMING AREA","JSA-Change Blank 34 machine [review]",".doc","150528"
"JSA 2010\FORMING AREA\JSA-Change Plunger Thimble Striker Plate.doc","FORMING AREA","JSA-Change Plunger Thimble Striker Plate",".doc","145920"
"JSA 2010\FORMING AREA\JSA-Changing Baffles 21 machine[REVIEW].doc","FORMING AREA","JSA-Changing Baffles 21 machine[REVIEW]",".doc","149504"
"JSA 2010\FORMING AREA\JSA-Changing Blanks 21 machine[review].doc","FORMING AREA","JSA-Changing Blanks 21 machine[review]",".doc","154624"
"JSA 2010\FORMING AREA\JSA-Changing Blanks 34 machine[review].doc","FORMING AREA","JSA-Changing Blanks 34 machine[review]",".doc","151552"
"JSA 2010\FORMING AREA\JSA-Changing Blanks on 23.doc","FORMING AREA","JSA-Changing Blanks on 23",".doc","144896"
"JSA 2010\FORMING AREA\JSA-Changing Blanks.doc","FORMING AREA","JSA-Changing Blanks",".doc","141312"
"JSA 2010\FORMING AREA\JSA-Changing Blowhead on 34.doc","FORMING AREA","JSA-Changing Blowhead on 34",".doc","143872"
"JSA 2010\FORMING AREA\JSA-Changing Mould Bottom Plate.doc","FORMING AREA","JSA-Changing Mould Bottom Plate",".doc","145408"
"JSA 2010\FORMING AREA\JSA-Changing Mould on 21.doc","FORMING AREA","JSA-Changing Mould on 21",".doc","144896"
"JSA 2010\FORMING AREA\JSA-Changing neck rings 21 machine[review].doc","FORMING AREA","JSA-Changing neck rings 21 machine[review]",".doc","151552"
"JSA 2010\FORMING AREA\JSA-Changing Neck Rings.doc","FORMING AREA","JSA-Changing Neck Rings",".doc","142336"
"JSA 2010\FORMING AREA\JSA-Changing Plunger on 31.doc","FORMING AREA","JSA-Changing Plunger on 31",".doc","140800"
"JSA 2010\FORMING AREA\JSA-Changing Rings 31 machine [review].doc","FORMING AREA","JSA-Changing Rings 31 machine [review]",".doc","151552"
"JSA 2010\FORMING AREA\JSA-Replacing Dual Cavity Moulds on IS Machine.doc","FORMING AREA","JSA-Replacing Dual Cavity Moulds on IS Machine",".doc","173568"
"JSA 2010\FORMING AREA\JSA-Replacing Dual Cavity Mouldson IS Machine.doc","FORMING AREA","JSA-Replacing Dual Cavity Mouldson IS Machine",".doc","145408"
"JSA 2010\FORMING AREA\JSA-Stepping onto side of Lehr.doc","FORMING AREA","JSA-Stepping onto side of Lehr",".doc","142848"
"JSA 2010\FORMING AREA\JSEA 210.12.01.doc","FORMING AREA","JSEA 210.12.01",".doc","76800"
"JSA 2010\FORMING AREA\JSEA 210.12.02 Change Plunger Thimble Striker Plate.doc","FORMING AREA","JSEA 210.12.02 Change Plunger Thimble Striker Plate",".doc","150528"
"JSA 2010\FORMING AREA\JSEA 210.12.03 Changing Blanks.doc","FORMING AREA","JSEA 210.12.03 Changing Blanks",".doc","145920"
"JSA 2010\FORMING AREA\JSEA 210.12.04 Changing Neck Rings.doc","FORMING AREA","JSEA 210.12.04 Changing Neck Rings",".doc","146432"
"JSA 2010\FORMING AREA\JSEA 210.13.01.doc","FORMING AREA","JSEA 210.13.01",".doc","89088"
"JSA 2010\FORMING AREA\JSEA 210.13.02.doc","FORMING AREA","JSEA 210.13.02",".doc","80384"
"JSA 2010\FORMING AREA\JSEA 210.13.03.doc","FORMING AREA","JSEA 210.13.03",".doc","75264"
"JSA 2010\FORMING AREA\JSEA 210.13.04.doc","FORMING AREA","JSEA 210.13.04",".doc","77312"
"JSA 2010\FORMING AREA\JSEA 210.13.05.doc","FORMING AREA","JSEA 210.13.05",".doc","80384"
"JSA 2010\FORMING AREA\JSEA 210.13.06.doc","FORMING AREA","JSEA 210.13.06",".doc","74752"
"JSA 2010\FORMING AREA\JSEA 210.13.07.doc","FORMING AREA","JSEA 210.13.07",".doc","73728"
"JSA 2010\FORMING AREA\JSEA 210.16.11.doc","FORMING AREA","JSEA 210.16.11",".doc","80896"
"JSA 2010\FORMING AREA\Mopping Baffles-REVIEW-09.doc","FORMING AREA","Mopping Baffles-REVIEW-09",".doc","183808"
"JSA 2010\FORMING AREA\Operating Steam Cleaner-REVIEW-09.doc","FORMING AREA","Operating Steam Cleaner-REVIEW-09",".doc","177152"
"JSA 2010\FORMING AREA\Section Stop Start Machine-REVIEW-09.doc","FORMING AREA","Section Stop Start Machine-REVIEW-09",".doc","187904"
"JSA 2010\FORMING AREA\Section Stop-Start Blank & Mould Side -Review-09.doc","FORMING AREA","Section Stop-Start Blank & Mould Side -Review-09",".doc","188416"
"JSA 2010\FORMING AREA\Stacker Bar Replacement on 21.doc","FORMING AREA","Stacker Bar Replacement on 21",".doc","167936"
"JSA 2010\FORMING AREA\Swabbing-REVIEW-09.doc","FORMING AREA","Swabbing-REVIEW-09",".doc","186880"
"JSA 2010\IT\JSEA 217.12.03 Running Cables for I.T..doc","IT","JSEA 217.12.03 Running Cables for I.T.",".doc","145408"
"JSA 2010\JOB CHANGE\Changing Neck Rings 21.doc","JOB CHANGE","Changing Neck Rings 21",".doc","208896"
"JSA 2010\JOB CHANGE\Changing Neck Rings 23.doc","JOB CHANGE","Changing Neck Rings 23",".doc","211968"
"JSA 2010\JOB CHANGE\Changing Neck Rings 34 & 31.doc","JOB CHANGE","Changing Neck Rings 34 & 31",".doc","212992"
"JSA 2010\JOB CHANGE\ISO 219 .01.14 JSA.doc","JOB CHANGE","ISO 219 .01.14 JSA",".doc","146944"
"JSA 2010\JOB CHANGE\ISO 219.01.15 JSA.doc","JOB CHANGE","ISO 219.01.15 JSA",".doc","148480"
"JSA 2010\JOB CHANGE\ISO- Hot Gob alarm mould-blank side.doc","JOB CHANGE","ISO- Hot Gob alarm mould-blank side",".doc","141312"
"JSA 2010\JOB CHANGE\JSA 21 Blank Change-330ml.doc","JOB CHANGE","JSA 21 Blank Change-330ml",".doc","149504"
"JSA 2010\JOB CHANGE\JSA 21 Bottom Plate Change.doc","JOB CHANGE","JSA 21 Bottom Plate Change",".doc","144896"
"JSA 2010\JOB CHANGE\JSA 219-Mould Change-750ml-Emhart.doc","JOB CHANGE","JSA 219-Mould Change-750ml-Emhart",".doc","192000"
"JSA 2010\JOB CHANGE\JSA 219.01.05.doc","JOB CHANGE","JSA 219.01.05",".doc","196608"
"JSA 2010\JOB CHANGE\JSA 219.01.06.doc","JOB CHANGE","JSA 219.01.06",".doc","201216"
"JSA 2010\JOB CHANGE\JSA 219.01.07.doc","JOB CHANGE","JSA 219.01.07",".doc","201216"
"JSA 2010\JOB CHANGE\JSA 219.01.08.doc","JOB CHANGE","JSA 219.01.08",".doc","200192"
"JSA 2010\JOB CHANGE\JSA 219.01.09.doc","JOB CHANGE","JSA 219.01.09",".doc","201728"
"JSA 2010\JOB CHANGE\JSA 219.01.10.doc","JOB CHANGE","JSA 219.01.10",".doc","202240"
"JSA 2010\JOB CHANGE\JSA 219.01.11.doc","JOB CHANGE","JSA 219.01.11",".doc","202752"
"JSA 2010\JOB CHANGE\JSA 219.01.13.doc","JOB CHANGE","JSA 219.01.13",".doc","192000"
"JSA 2010\JOB CHANGE\JSA 219.01.15.doc","JOB CHANGE","JSA 219.01.15",".doc","203776"
"JSA 2010\JOB CHANGE\JSA 219.01.16.doc","JOB CHANGE","JSA 219.01.16",".doc","205824"
"JSA 2010\JOB CHANGE\JSA 219.01.17.doc","JOB CHANGE","JSA 219.01.17",".doc","203776"
"JSA 2010\JOB CHANGE\JSA 219.01.18.doc","JOB CHANGE","JSA 219.01.18",".doc","199168"
"JSA 2010\JOB CHANGE\JSA 219.01.19.doc","JOB CHANGE","JSA 219.01.19",".doc","206336"
"JSA 2010\JOB CHANGE\JSA 219.01.20.doc","JOB CHANGE","JSA 219.01.20",".doc","196608"
"JSA 2010\JOB CHANGE\JSA 219.01.21.doc","JOB CHANGE","JSA 219.01.21",".doc","197120"
"JSA 2010\JOB CHANGE\JSA 219.01.22.doc","JOB CHANGE","JSA 219.01.22",".doc","197120"
"JSA 2010\JOB CHANGE\JSA 219.01.23.doc","JOB CHANGE","JSA 219.01.23",".doc","196608"
"JSA 2010\JOB CHANGE\JSA 219.01.24.doc","JOB CHANGE","JSA 219.01.24",".doc","196096"
"JSA 2010\JOB CHANGE\JSA 219.01.25.doc","JOB CHANGE","JSA 219.01.25",".doc","196096"
"JSA 2010\JOB CHANGE\JSA 219.01.26.doc","JOB CHANGE","JSA 219.01.26",".doc","196608"
"JSA 2010\JOB CHANGE\JSA 219.01.27.doc","JOB CHANGE","JSA 219.01.27",".doc","201216"
"JSA 2010\JOB CHANGE\JSA 219.01.28.doc","JOB CHANGE","JSA 219.01.28",".doc","193536"
"JSA 2010\JOB CHANGE\JSA 219.01.29.doc","JOB CHANGE","JSA 219.01.29",".doc","193024"
"JSA 2010\JOB CHANGE\JSA 219.01.30.doc","JOB CHANGE","JSA 219.01.30",".doc","196096"
"JSA 2010\JOB CHANGE\JSA 219.01.31.doc","JOB CHANGE","JSA 219.01.31",".doc","193536"
"JSA 2010\JOB CHANGE\JSA 219.01.32.doc","JOB CHANGE","JSA 219.01.32",".doc","193024"
"JSA 2010\JOB CHANGE\JSA 219.01.33.doc","JOB CHANGE","JSA 219.01.33",".doc","205312"
"JSA 2010\JOB CHANGE\JSA 219.01.34.doc","JOB CHANGE","JSA 219.01.34",".doc","194048"
"JSA 2010\JOB CHANGE\JSA 219.01.35.doc","JOB CHANGE","JSA 219.01.35",".doc","200704"
"JSA 2010\JOB CHANGE\JSA 219.01.36.doc","JOB CHANGE","JSA 219.01.36",".doc","203264"
"JSA 2010\JOB CHANGE\JSA 219.01.37 Mould Side Job Activity with Siren on.doc","JOB CHANGE","JSA 219.01.37 Mould Side Job Activity with Siren on",".doc","183296"
"JSA 2010\JOB CHANGE\JSA 219.01.38 Cover Plate on Machine Platforms.doc","JOB CHANGE","JSA 219.01.38 Cover Plate on Machine Platforms",".doc","182272"
"JSA 2010\JOB CHANGE\JSA 23 & 31 Blank Change 330ml.doc","JOB CHANGE","JSA 23 & 31 Blank Change 330ml",".doc","147968"
"JSA 2010\JOB CHANGE\JSA 23, 31, 34 Bottom Plate Change.doc","JOB CHANGE","JSA 23, 31, 34 Bottom Plate Change",".doc","147456"
"JSA 2010\JOB CHANGE\JSA 23, 31, 34 Mould Change 750ml.doc","JOB CHANGE","JSA 23, 31, 34 Mould Change 750ml",".doc","148992"
"JSA 2010\JOB CHANGE\JSA Blank & Mould side activity during Alarm sounding.doc","JOB CHANGE","JSA Blank & Mould side activity during Alarm sounding",".doc","141312"
"JSA 2010\JOB CHANGE\JSA- Mould Change 750ml-21 Machine.doc","JOB CHANGE","JSA- Mould Change 750ml-21 Machine",".doc","173056"
"JSA 2010\JOB CHANGE\JSA-21 23 31 Blank Hinge Change.doc","JOB CHANGE","JSA-21 23 31 Blank Hinge Change",".doc","205824"
"JSA 2010\JOB CHANGE\JSA-21 Blank Change 330ml.doc","JOB CHANGE","JSA-21 Blank Change 330ml",".doc","199168"
"JSA 2010\JOB CHANGE\JSA-21 Mould Change 750ml.doc","JOB CHANGE","JSA-21 Mould Change 750ml",".doc","142336"
"JSA 2010\JOB CHANGE\JSA-Changing Bottom Plate -21 Machine.doc","JOB CHANGE","JSA-Changing Bottom Plate -21 Machine",".doc","175616"
"JSA 2010\JOB CHANGE\JSA-Cover Plate on Machine Platforms.doc","JOB CHANGE","JSA-Cover Plate on Machine Platforms",".doc","143872"
"JSA 2010\JOB CHANGE\JSA-Emhart Start Up.doc","JOB CHANGE","JSA-Emhart Start Up",".doc","193536"
"JSA 2010\JOB CHANGE\JSA-Hot Gob alarm mould side.doc","JOB CHANGE","JSA-Hot Gob alarm mould side",".doc","141312"
"JSA 2010\JOB CHANGE\JSA-Hot Gob alarm mould-blank side.doc","JOB CHANGE","JSA-Hot Gob alarm mould-blank side",".doc","141312"
"JSA 2010\JOB CHANGE\JSA-Mould Side Job Activity with Siren on.doc","JOB CHANGE","JSA-Mould Side Job Activity with Siren on",".doc","143872"
"JSA 2010\JOB CHANGE\JSA-Start Up.doc","JOB CHANGE","JSA-Start Up",".doc","194560"
"JSA 2010\JOB CHANGE\JSA-Stop Section.doc","JOB CHANGE","JSA-Stop Section",".doc","196096"
"JSA 2010\JOB CHANGE\JSEA 219.01.01 Start Up.doc","JOB CHANGE","JSEA 219.01.01 Start Up",".doc","155648"
"JSA 2010\JOB CHANGE\JSEA 219.01.02 Stop.doc","JOB CHANGE","JSEA 219.01.02 Stop",".doc","157696"
"JSA 2010\JOB CHANGE\JSEA 219.01.03 Emhart Start Up.doc","JOB CHANGE","JSEA 219.01.03 Emhart Start Up",".doc","155648"
"JSA 2010\JOB CHANGE\JSEA 219.01.04.doc","JOB CHANGE","JSEA 219.01.04",".doc","159744"
"JSA 2010\JOB CHANGE\JSEA 219.01.05.doc","JOB CHANGE","JSEA 219.01.05",".doc","162304"
"JSA 2010\JOB CHANGE\JSEA 219.01.06.doc","JOB CHANGE","JSEA 219.01.06",".doc","157696"
"JSA 2010\JOB CHANGE\JSEA 219.01.07.doc","JOB CHANGE","JSEA 219.01.07",".doc","161792"
"JSA 2010\JOB CHANGE\JSEA 219.01.08.doc","JOB CHANGE","JSEA 219.01.08",".doc","160256"
"JSA 2010\JOB CHANGE\JSEA 219.01.09.doc","JOB CHANGE","JSEA 219.01.09",".doc","162816"
"JSA 2010\JOB CHANGE\JSEA 219.01.10.doc","JOB CHANGE","JSEA 219.01.10",".doc","163328"
"JSA 2010\JOB CHANGE\JSEA 219.01.11.doc","JOB CHANGE","JSEA 219.01.11",".doc","163840"
"JSA 2010\JOB CHANGE\JSEA 219.01.13.doc","JOB CHANGE","JSEA 219.01.13",".doc","163328"
"JSA 2010\JOB CHANGE\JSEA 219.01.15.doc","JOB CHANGE","JSEA 219.01.15",".doc","160256"
"JSA 2010\JOB CHANGE\JSEA 219.01.16.doc","JOB CHANGE","JSEA 219.01.16",".doc","166912"
"JSA 2010\JOB CHANGE\JSEA 219.01.17.doc","JOB CHANGE","JSEA 219.01.17",".doc","164352"
"JSA 2010\JOB CHANGE\JSEA 219.01.18.doc","JOB CHANGE","JSEA 219.01.18",".doc","166912"
"JSA 2010\JOB CHANGE\JSEA 219.01.19.doc","JOB CHANGE","JSEA 219.01.19",".doc","167424"
"JSA 2010\JOB CHANGE\JSEA 219.01.20.doc","JOB CHANGE","JSEA 219.01.20",".doc","154112"
"JSA 2010\JOB CHANGE\JSEA 219.01.21.doc","JOB CHANGE","JSEA 219.01.21",".doc","158720"
"JSA 2010\JOB CHANGE\JSEA 219.01.22.doc","JOB CHANGE","JSEA 219.01.22",".doc","158208"
"JSA 2010\JOB CHANGE\JSEA 219.01.23.doc","JOB CHANGE","JSEA 219.01.23",".doc","158208"
"JSA 2010\JOB CHANGE\JSEA 219.01.24.doc","JOB CHANGE","JSEA 219.01.24",".doc","156672"
"JSA 2010\JOB CHANGE\JSEA 219.01.25.doc","JOB CHANGE","JSEA 219.01.25",".doc","157184"
"JSA 2010\JOB CHANGE\JSEA 219.01.26.doc","JOB CHANGE","JSEA 219.01.26",".doc","156672"
"JSA 2010\JOB CHANGE\JSEA 219.01.27.doc","JOB CHANGE","JSEA 219.01.27",".doc","162304"
"JSA 2010\JOB CHANGE\JSEA 219.01.28.doc","JOB CHANGE","JSEA 219.01.28",".doc","155136"
"JSA 2010\JOB CHANGE\JSEA 219.01.29.doc","JOB CHANGE","JSEA 219.01.29",".doc","155136"
"JSA 2010\JOB CHANGE\JSEA 219.01.30.doc","JOB CHANGE","JSEA 219.01.30",".doc","158720"
"JSA 2010\JOB CHANGE\JSEA 219.01.31.doc","JOB CHANGE","JSEA 219.01.31",".doc","156160"
"JSA 2010\JOB CHANGE\JSEA 219.01.32.doc","JOB CHANGE","JSEA 219.01.32",".doc","153600"
"JSA 2010\JOB CHANGE\JSEA 219.01.33.doc","JOB CHANGE","JSEA 219.01.33",".doc","166400"
"JSA 2010\JOB CHANGE\JSEA 219.01.34.doc","JOB CHANGE","JSEA 219.01.34",".doc","155648"
"JSA 2010\JOB CHANGE\JSEA 219.01.35.doc","JOB CHANGE","JSEA 219.01.35",".doc","161280"
"JSA 2010\JOB CHANGE\JSEA 219.01.36.doc","JOB CHANGE","JSEA 219.01.36",".doc","164864"
"JSA 2010\JOB CHANGE\JSEA 219.01.37 Mould Side Job Activity with Siren on.doc","JOB CHANGE","JSEA 219.01.37 Mould Side Job Activity with Siren on",".doc","146432"
"JSA 2010\JOB CHANGE\JSEA 219.01.38 Cover Plate on Machine Platforms.doc","JOB CHANGE","JSEA 219.01.38 Cover Plate on Machine Platforms",".doc","144896"
"JSA 2010\Line\JSA-Mopping Baffles-30053.doc","Line","JSA-Mopping Baffles-30053",".doc","141312"
"JSA 2010\MACHINE REPAIR\Cleaning Certincoat Hoods.doc","MACHINE REPAIR","Cleaning Certincoat Hoods",".doc","168448"
"JSA 2010\MACHINE REPAIR\Draft JSA - Hydraulic Press.doc","MACHINE REPAIR","Draft JSA - Hydraulic Press",".doc","144384"
"JSA 2010\MACHINE REPAIR\Draft JSA - Service Spray Guns.doc","MACHINE REPAIR","Draft JSA - Service Spray Guns",".doc","144896"
"JSA 2010\MACHINE REPAIR\Draft JSA -Changing Blowheads.doc","MACHINE REPAIR","Draft JSA -Changing Blowheads",".doc","144384"
"JSA 2010\MACHINE REPAIR\Draft JSA -Changing Unit.doc","MACHINE REPAIR","Draft JSA -Changing Unit",".doc","144896"
"JSA 2010\MACHINE REPAIR\Draft JSA -Wiper Mechanism Maintenance.doc","MACHINE REPAIR","Draft JSA -Wiper Mechanism Maintenance",".doc","144896"
"JSA 2010\MACHINE REPAIR\JSA- transfer wheel.doc","MACHINE REPAIR","JSA- transfer wheel",".doc","166400"
"JSA 2010\MACHINE REPAIR\JSA-Changing Transfer Wiper Fingers.doc","MACHINE REPAIR","JSA-Changing Transfer Wiper Fingers",".doc","145408"
"JSA 2010\MACHINE REPAIR\JSA-Cleaning Hoods-DRAFT.doc","MACHINE REPAIR","JSA-Cleaning Hoods-DRAFT",".doc","168960"
"JSA 2010\MACHINE REPAIR\JSA-Lathe Turning.doc","MACHINE REPAIR","JSA-Lathe Turning",".doc","143872"
"JSA 2010\MACHINE REPAIR\JSA-Repair & Maintenance to Take Out Tong Heads.doc","MACHINE REPAIR","JSA-Repair & Maintenance to Take Out Tong Heads",".doc","142848"
"JSA 2010\MACHINE REPAIR\JSA-Transfer Maintenance.doc","MACHINE REPAIR","JSA-Transfer Maintenance",".doc","144384"
"JSA 2010\MACHINE REPAIR\JSEA 210.15.01.doc","MACHINE REPAIR","JSEA 210.15.01",".doc","90624"
"JSA 2010\MACHINE REPAIR\JSEA 210.15.02.doc","MACHINE REPAIR","JSEA 210.15.02",".doc","74240"
"JSA 2010\MACHINE REPAIR\JSEA 210.15.03.doc","MACHINE REPAIR","JSEA 210.15.03",".doc","83456"
"JSA 2010\MACHINE REPAIR\JSEA 210.15.04.doc","MACHINE REPAIR","JSEA 210.15.04",".doc","77824"
"JSA 2010\MACHINE REPAIR\JSEA 210.15.05.doc","MACHINE REPAIR","JSEA 210.15.05",".doc","72192"
"JSA 2010\MACHINE REPAIR\JSEA 210.15.06.doc","MACHINE REPAIR","JSEA 210.15.06",".doc","72192"
"JSA 2010\MACHINE REPAIR\JSEA 210.15.07.doc","MACHINE REPAIR","JSEA 210.15.07",".doc","84480"
"JSA 2010\MACHINE REPAIR\JSEA 210.15.08.doc","MACHINE REPAIR","JSEA 210.15.08",".doc","91136"
"JSA 2010\MACHINE REPAIR\JSEA 210.16.01.doc","MACHINE REPAIR","JSEA 210.16.01",".doc","74752"
"JSA 2010\MACHINE REPAIR\JSEA 210.16.02.doc","MACHINE REPAIR","JSEA 210.16.02",".doc","82944"
"JSA 2010\MACHINE REPAIR\JSEA 210.16.03.doc","MACHINE REPAIR","JSEA 210.16.03",".doc","74240"
"JSA 2010\MACHINE REPAIR\JSEA 210.16.04.doc","MACHINE REPAIR","JSEA 210.16.04",".doc","81408"
"JSA 2010\MACHINE REPAIR\JSEA 210.16.05.doc","MACHINE REPAIR","JSEA 210.16.05",".doc","85504"
"JSA 2010\MACHINE REPAIR\JSEA 210.16.06.doc","MACHINE REPAIR","JSEA 210.16.06",".doc","85504"
"JSA 2010\MACHINE REPAIR\JSEA 210.16.07.doc","MACHINE REPAIR","JSEA 210.16.07",".doc","76288"
"JSA 2010\MACHINE REPAIR\JSEA 210.16.08.doc","MACHINE REPAIR","JSEA 210.16.08",".doc","79360"
"JSA 2010\MACHINE REPAIR\JSEA 210.16.09.doc","MACHINE REPAIR","JSEA 210.16.09",".doc","105984"
"JSA 2010\MACHINE REPAIR\JSEA 210.16.10.doc","MACHINE REPAIR","JSEA 210.16.10",".doc","90624"
"JSA 2010\MACHINE REPAIR\JSEA 210.16.11.doc","MACHINE REPAIR","JSEA 210.16.11",".doc","80896"
"JSA 2010\MACHINE REPAIR\JSEA 210.16.12.doc","MACHINE REPAIR","JSEA 210.16.12",".doc","80384"
"JSA 2010\MACHINE REPAIR\JSEA 210.16.13.doc","MACHINE REPAIR","JSEA 210.16.13",".doc","78336"
"JSA 2010\MACHINE REPAIR\JSEA 210.16.14 Repair & Maintenance to Take Out Tong Heads.doc","MACHINE REPAIR","JSEA 210.16.14 Repair & Maintenance to Take Out Tong Heads",".doc","146944"
"JSA 2010\MACHINE REPAIR\JSEA 210.17.01.doc","MACHINE REPAIR","JSEA 210.17.01",".doc","82432"
"JSA 2010\MACHINE REPAIR\JSEA 210.17.02.doc","MACHINE REPAIR","JSEA 210.17.02",".doc","82944"
"JSA 2010\MACHINE REPAIR\JSEA 210.17.03 Transfer Maintenance.doc","MACHINE REPAIR","JSEA 210.17.03 Transfer Maintenance",".doc","148480"
"JSA 2010\MACHINE REPAIR\JSEA 210.18.01.doc","MACHINE REPAIR","JSEA 210.18.01",".doc","91136"
"JSA 2010\MACHINE REPAIR\JSEA 210.18.02 Lathe Turning.doc","MACHINE REPAIR","JSEA 210.18.02 Lathe Turning",".doc","147968"
"JSA 2010\MACHINE REPAIR\JSEA 210.19.01.doc","MACHINE REPAIR","JSEA 210.19.01",".doc","88064"
"JSA 2010\MACHINE REPAIR\JSEA 210.20.01.doc","MACHINE REPAIR","JSEA 210.20.01",".doc","82432"
"JSA 2010\MOULD REPAIR\JSA- SFL-Changing paint.doc","MOULD REPAIR","JSA- SFL-Changing paint",".doc","139264"
"JSA 2010\MOULD REPAIR\JSA- SFL-Filling cleaning solution.doc","MOULD REPAIR","JSA- SFL-Filling cleaning solution",".doc","136704"
"JSA 2010\MOULD REPAIR\JSA- Spray welding.doc","MOULD REPAIR","JSA- Spray welding",".doc","136704"
"JSA 2010\MOULD REPAIR\JSA- Using a Lathe.doc","MOULD REPAIR","JSA- Using a Lathe",".doc","139264"
"JSA 2010\MOULD REPAIR\JSA- Using the Pedestal Drill.doc","MOULD REPAIR","JSA- Using the Pedestal Drill",".doc","140800"
"JSA 2010\MOULD REPAIR\JSA-Alkaline Cleaning Tank Steam Cleaning Bay.doc","MOULD REPAIR","JSA-Alkaline Cleaning Tank Steam Cleaning Bay",".doc","142336"
"JSA 2010\MOULD REPAIR\JSA-Alkaline tank workshop.doc","MOULD REPAIR","JSA-Alkaline tank workshop",".doc","136192"
"JSA 2010\MOULD REPAIR\JSA-Application of rust preventive oil.doc","MOULD REPAIR","JSA-Application of rust preventive oil",".doc","134656"
"JSA 2010\MOULD REPAIR\JSA-Applying Crocell wax.doc","MOULD REPAIR","JSA-Applying Crocell wax",".doc","138240"
"JSA 2010\MOULD REPAIR\JSA-Blowdown Air Nozzles.doc","MOULD REPAIR","JSA-Blowdown Air Nozzles",".doc","134656"
"JSA 2010\MOULD REPAIR\JSA-Changing over Oxy Acetylene bottles.doc","MOULD REPAIR","JSA-Changing over Oxy Acetylene bottles",".doc","136192"
"JSA 2010\MOULD REPAIR\JSA-Cleaning Carbon from Mould Tops.doc","MOULD REPAIR","JSA-Cleaning Carbon from Mould Tops",".doc","135168"
"JSA 2010\MOULD REPAIR\JSA-Delivery equipment into and out of rack.doc","MOULD REPAIR","JSA-Delivery equipment into and out of rack",".doc","134656"
"JSA 2010\MOULD REPAIR\JSA-Drive Unit Reamer.doc","MOULD REPAIR","JSA-Drive Unit Reamer",".doc","139264"
"JSA 2010\MOULD REPAIR\JSA-Fitting Dual Cavity Fixture to Lathe.doc","MOULD REPAIR","JSA-Fitting Dual Cavity Fixture to Lathe",".doc","133632"
"JSA 2010\MOULD REPAIR\JSA-Hot Rinse Wash Bupi.doc","MOULD REPAIR","JSA-Hot Rinse Wash Bupi",".doc","141824"
"JSA 2010\MOULD REPAIR\JSA-Loading mould equipment via Tk 3 Platform.doc","MOULD REPAIR","JSA-Loading mould equipment via Tk 3 Platform",".doc","141824"
"JSA 2010\MOULD REPAIR\JSA-Milling machine.doc","MOULD REPAIR","JSA-Milling machine",".doc","138240"
"JSA 2010\MOULD REPAIR\JSA-Mould Equipment into Storage Racks.doc","MOULD REPAIR","JSA-Mould Equipment into Storage Racks",".doc","139776"
"JSA 2010\MOULD REPAIR\JSA-New Extraction system.doc","MOULD REPAIR","JSA-New Extraction system",".doc","138240"
"JSA 2010\MOULD REPAIR\JSA-Operating Pedestrian Hoist - Mould Room.doc","MOULD REPAIR","JSA-Operating Pedestrian Hoist - Mould Room",".doc","135680"
"JSA 2010\MOULD REPAIR\JSA-Re-Coating Delivery Equipment.doc","MOULD REPAIR","JSA-Re-Coating Delivery Equipment",".doc","138240"
"JSA 2010\MOULD REPAIR\JSA-Removal of Sandblaster waste.doc","MOULD REPAIR","JSA-Removal of Sandblaster waste",".doc","139776"
"JSA 2010\MOULD REPAIR\JSA-Repair to Take out holders.doc","MOULD REPAIR","JSA-Repair to Take out holders",".doc","137216"
"JSA 2010\MOULD REPAIR\JSA-Replace Tork arm on Turbine Blast Machine.doc","MOULD REPAIR","JSA-Replace Tork arm on Turbine Blast Machine",".doc","145408"
"JSA 2010\MOULD REPAIR\JSA-SFL Spray Unit Operation.doc","MOULD REPAIR","JSA-SFL Spray Unit Operation",".doc","138752"
"JSA 2010\MOULD REPAIR\JSA-Sonicam Displacer.doc","MOULD REPAIR","JSA-Sonicam Displacer",".doc","136704"
"JSA 2010\MOULD REPAIR\JSA-Transportation of mould equipment on buggy.doc","MOULD REPAIR","JSA-Transportation of mould equipment on buggy",".doc","136704"
"JSA 2010\MOULD REPAIR\JSA-Transportation of Oxy-Acetylene bottles.doc","MOULD REPAIR","JSA-Transportation of Oxy-Acetylene bottles",".doc","136704"
"JSA 2010\MOULD REPAIR\JSA-Using Manual Sandblaster.doc","MOULD REPAIR","JSA-Using Manual Sandblaster",".doc","137728"
"JSA 2010\MOULD REPAIR\JSA-Using the Automatic Sandblaster.doc","MOULD REPAIR","JSA-Using the Automatic Sandblaster",".doc","144384"
"JSA 2010\MOULD REPAIR\JSEA 210.22.01 Using Manual Sandblaster.doc","MOULD REPAIR","JSEA 210.22.01 Using Manual Sandblaster",".doc","142336"
"JSA 2010\MOULD REPAIR\JSEA 210.22.02 Alkaline Cleaning Tank Steam Cleaning Bay.doc","MOULD REPAIR","JSEA 210.22.02 Alkaline Cleaning Tank Steam Cleaning Bay",".doc","146944"
"JSA 2010\MOULD REPAIR\JSEA 210.22.03 Alkaline tank workshop.doc","MOULD REPAIR","JSEA 210.22.03 Alkaline tank workshop",".doc","139776"
"JSA 2010\MOULD REPAIR\JSEA 210.22.04 Hot Rinse Wash Bupi.doc","MOULD REPAIR","JSEA 210.22.04 Hot Rinse Wash Bupi",".doc","146432"
"JSA 2010\MOULD REPAIR\JSEA 210.22.05 Using the Automatic Sandblaster.doc","MOULD REPAIR","JSEA 210.22.05 Using the Automatic Sandblaster",".doc","148480"
"JSA 2010\MOULD REPAIR\JSEA 210.22.06 Removal of Sandblaster Waste.doc","MOULD REPAIR","JSEA 210.22.06 Removal of Sandblaster Waste",".doc","143872"
"JSA 2010\MOULD REPAIR\JSEA 210.23.01 SFL Spray Unit Operation.doc","MOULD REPAIR","JSEA 210.23.01 SFL Spray Unit Operation",".doc","143872"
"JSA 2010\MOULD REPAIR\JSEA 210.23.02 Loading and unloading curing oven.doc","MOULD REPAIR","JSEA 210.23.02 Loading and unloading curing oven",".doc","195584"
"JSA 2010\MOULD REPAIR\JSEA 210.24.01 Drive Unit Reamer.doc","MOULD REPAIR","JSEA 210.24.01 Drive Unit Reamer",".doc","143872"
"JSA 2010\MOULD REPAIR\JSEA 210.24.02 Using a Lathe.doc","MOULD REPAIR","JSEA 210.24.02 Using a Lathe",".doc","143360"
"JSA 2010\MOULD REPAIR\JSEA 210.24.03 Using the Pedestal Drill.doc","MOULD REPAIR","JSEA 210.24.03 Using the Pedestal Drill",".doc","145408"
"JSA 2010\MOULD REPAIR\JSEA 210.24.04 Milling machine.doc","MOULD REPAIR","JSEA 210.24.04 Milling machine",".doc","142848"
"JSA 2010\MOULD REPAIR\JSEA 210.24.05 Sonicam Displacer.doc","MOULD REPAIR","JSEA 210.24.05 Sonicam Displacer",".doc","141312"
"JSA 2010\MOULD REPAIR\JSEA 210.26.01 Applying Crocell wax.doc","MOULD REPAIR","JSEA 210.26.01 Applying Crocell wax",".doc","142336"
"JSA 2010\MOULD REPAIR\JSEA 210.26.02 Application of rust preventive oil.doc","MOULD REPAIR","JSEA 210.26.02 Application of rust preventive oil",".doc","138752"
"JSA 2010\MOULD REPAIR\JSEA 210.26.03 Blowdown Air Nozzles.doc","MOULD REPAIR","JSEA 210.26.03 Blowdown Air Nozzles",".doc","139776"
"JSA 2010\MOULD REPAIR\JSEA 210.26.04 plunger polisher.doc","MOULD REPAIR","JSEA 210.26.04 plunger polisher",".doc","198144"
"JSA 2010\MOULD REPAIR\JSEA 210.26.05 Spray Welding.doc","MOULD REPAIR","JSEA 210.26.05 Spray Welding",".doc","141824"
"JSA 2010\MOULD REPAIR\JSEA 210.26.06  SFL-Filling Cleaning Solution.doc","MOULD REPAIR","JSEA 210.26.06  SFL-Filling Cleaning Solution",".doc","141312"
"JSA 2010\MOULD REPAIR\JSEA 210.26.07 Changing Paint.doc","MOULD REPAIR","JSEA 210.26.07 Changing Paint",".doc","142848"
"JSA 2010\MOULD REPAIR\JSEA 210.26.08 Repair to Take out holders.doc","MOULD REPAIR","JSEA 210.26.08 Repair to Take out holders",".doc","141312"
"JSA 2010\MOULD REPAIR\JSEA 210.26.09 Auto Blaster - Repair Impellor cover.doc","MOULD REPAIR","JSEA 210.26.09 Auto Blaster - Repair Impellor cover",".doc","142336"
"JSA 2010\MOULD REPAIR\JSEA 210.27.01 Loading Mould Equipment via Tk3 Platform.doc","MOULD REPAIR","JSEA 210.27.01 Loading Mould Equipment via Tk3 Platform",".doc","145408"
"JSA 2010\MOULD REPAIR\JSEA 210.27.02 Mould Equipment into Storage Racks.doc","MOULD REPAIR","JSEA 210.27.02 Mould Equipment into Storage Racks",".doc","144896"
"JSA 2010\MOULD REPAIR\JSEA 210.27.03 Transportation of Oxy-Acetylene bottles july2017.doc","MOULD REPAIR","JSEA 210.27.03 Transportation of Oxy-Acetylene bottles july2017",".doc","130048"
"JSA 2010\MOULD REPAIR\JSEA 210.27.03 Transportation of Oxy-Acetylene bottles.doc","MOULD REPAIR","JSEA 210.27.03 Transportation of Oxy-Acetylene bottles",".doc","141824"
"JSA 2010\MOULD REPAIR\JSEA 210.27.04 Changing over Oxy Acetylene bottles.doc","MOULD REPAIR","JSEA 210.27.04 Changing over Oxy Acetylene bottles",".doc","140288"
"JSA 2010\MOULD REPAIR\JSEA 210.27.05 Loading mld equipment onto tray - tray.doc","MOULD REPAIR","JSEA 210.27.05 Loading mld equipment onto tray - tray",".doc","138240"
"JSA 2010\MOULD REPAIR\JSEA-Auto Blaster - Repair Impellor cover.doc","MOULD REPAIR","JSEA-Auto Blaster - Repair Impellor cover",".doc","138240"
"JSA 2010\MOULD REPAIR\JSEA-Loading and unloading curing oven.doc","MOULD REPAIR","JSEA-Loading and unloading curing oven",".doc","135680"
"JSA 2010\MOULD REPAIR\JSEA-Loading Mould equipment onto Tray-Trolley.doc","MOULD REPAIR","JSEA-Loading Mould equipment onto Tray-Trolley",".doc","133632"
"JSA 2010\MOULD REPAIR\JSEA-Using Plunger Polisher.doc","MOULD REPAIR","JSEA-Using Plunger Polisher",".doc","136192"
"JSA 2010\MOULD REPAIR\Transportation Mould equipment.doc","MOULD REPAIR","Transportation Mould equipment",".doc","136192"
"JSA 2010\MOULD REPAIR\transportation of mld equipment on buggy.doc","MOULD REPAIR","transportation of mld equipment on buggy",".doc","171008"
"JSA 2010\PLANT SERVICES\JSA- Water Treatment-Ashland.doc","PLANT SERVICES","JSA- Water Treatment-Ashland",".doc","137728"
"JSA 2010\PLANT SERVICES\JSA-Servicing Fire Extinguishers and reels.doc","PLANT SERVICES","JSA-Servicing Fire Extinguishers and reels",".doc","146944"
"JSA 2010\PLANT SERVICES\JSA-Using Water Fire Canon & Hose.doc","PLANT SERVICES","JSA-Using Water Fire Canon & Hose",".doc","172544"
"JSA 2010\PLANT SERVICES\JSEA 217.06.05 Changing Deltec Filters.doc","PLANT SERVICES","JSEA 217.06.05 Changing Deltec Filters",".doc","79872"
"JSA 2010\PLANT SERVICES\JSEA 217.06.06 Compressor #6 Commssioning.doc","PLANT SERVICES","JSEA 217.06.06 Compressor #6 Commssioning",".doc","91136"
"JSA 2010\PLANT SERVICES\JSEA 217.06.07 Cut in High Pressure Air Line.doc","PLANT SERVICES","JSEA 217.06.07 Cut in High Pressure Air Line",".doc","82944"
"JSA 2010\PLANT SERVICES\JSEA 217.06.08 Inspection of Air Receivers.doc","PLANT SERVICES","JSEA 217.06.08 Inspection of Air Receivers",".doc","83456"
"JSA 2010\PLANT SERVICES\JSEA 217.06.09 Install Air Receiver.doc","PLANT SERVICES","JSEA 217.06.09 Install Air Receiver",".doc","82944"
"JSA 2010\PLANT SERVICES\JSEA 217.06.10 Re-energising Machine Air Supply, LP, HP, Forming Air.doc","PLANT SERVICES","JSEA 217.06.10 Re-energising Machine Air Supply, LP, HP, Forming Air",".doc","81920"
"JSA 2010\PLANT SERVICES\JSEA 217.06.11 Remove Air Hose Machine Floor.doc","PLANT SERVICES","JSEA 217.06.11 Remove Air Hose Machine Floor",".doc","80384"
"JSA 2010\PLANT SERVICES\JSEA 217.07.01 Installation of Vacuum Piping & Associated Valves.doc","PLANT SERVICES","JSEA 217.07.01 Installation of Vacuum Piping & Associated Valves",".doc","82944"
"JSA 2010\PLANT SERVICES\JSEA 217.07.02 Cut in Inlet Vacuum Tank.doc","PLANT SERVICES","JSEA 217.07.02 Cut in Inlet Vacuum Tank",".doc","81408"
"JSA 2010\PLANT SERVICES\JSEA 217.07.03 Install Vacuum Pipe.doc","PLANT SERVICES","JSEA 217.07.03 Install Vacuum Pipe",".doc","81408"
"JSA 2010\PLANT SERVICES\JSEA 217.07.04 Install Isolation Valve in Vacuum Line.doc","PLANT SERVICES","JSEA 217.07.04 Install Isolation Valve in Vacuum Line",".doc","87552"
"JSA 2010\PLANT SERVICES\JSEA 217.07.05 Removal-Install Vacuum Pumps.doc","PLANT SERVICES","JSEA 217.07.05 Removal-Install Vacuum Pumps",".doc","148992"
"JSA 2010\PLANT SERVICES\JSEA 217.08.04 Water Treatment-Ashland.doc","PLANT SERVICES","JSEA 217.08.04 Water Treatment-Ashland",".doc","143360"
"JSA 2010\PLANT SERVICES\JSEA 217.09.05 Servicing Fire Extinguishers & Reels.doc","PLANT SERVICES","JSEA 217.09.05 Servicing Fire Extinguishers & Reels",".doc","150528"
"JSA 2010\PLANT SERVICES\JSEA 217.10.01 Dyna Bolt Pipes to Floor.doc","PLANT SERVICES","JSEA 217.10.01 Dyna Bolt Pipes to Floor",".doc","75776"
"JSA 2010\PLANT SERVICES\JSEA 217.10.02 Hot Tap Copper Pipe Run.doc","PLANT SERVICES","JSEA 217.10.02 Hot Tap Copper Pipe Run",".doc","79872"
"JSA 2010\PLANT SERVICES\JSEA 217.10.03 Remove Redundant Pipework Receiver Platform.doc","PLANT SERVICES","JSEA 217.10.03 Remove Redundant Pipework Receiver Platform",".doc","77312"
"JSA 2010\QUALITY CONTROL\JSA-AGR Ramp Pressure Tester.doc","QUALITY CONTROL","JSA-AGR Ramp Pressure Tester",".doc","148480"
"JSA 2010\QUALITY CONTROL\JSa-Camsensor Metrology Unit.doc","QUALITY CONTROL","JSa-Camsensor Metrology Unit",".doc","151040"
"JSA 2010\QUALITY CONTROL\JSA-Capacity Measurement.doc","QUALITY CONTROL","JSA-Capacity Measurement",".doc","148992"
"JSA 2010\QUALITY CONTROL\JSA-Changing LPG Cylinder for Gas Gun.doc","QUALITY CONTROL","JSA-Changing LPG Cylinder for Gas Gun",".doc","141824"
"JSA 2010\QUALITY CONTROL\JSA-Checking the Tilt Angle.doc","QUALITY CONTROL","JSA-Checking the Tilt Angle",".doc","145920"
"JSA 2010\QUALITY CONTROL\JSA-Concentricity Gauge.doc","QUALITY CONTROL","JSA-Concentricity Gauge",".doc","143872"
"JSA 2010\QUALITY CONTROL\JSA-Cutting Glass Containers.doc","QUALITY CONTROL","JSA-Cutting Glass Containers",".doc","144384"
"JSA 2010\QUALITY CONTROL\JSA-Cutting Plastic Caps.doc","QUALITY CONTROL","JSA-Cutting Plastic Caps",".doc","147968"
"JSA 2010\QUALITY CONTROL\JSA-Dynes Testing.doc","QUALITY CONTROL","JSA-Dynes Testing",".doc","143360"
"JSA 2010\QUALITY CONTROL\JSA-Gauge Selection & Setup.doc","QUALITY CONTROL","JSA-Gauge Selection & Setup",".doc","146944"
"JSA 2010\QUALITY CONTROL\JSA-Glass Cullet Bin Handling.doc","QUALITY CONTROL","JSA-Glass Cullet Bin Handling",".doc","147456"
"JSA 2010\QUALITY CONTROL\JSA-Height Gauge.doc","QUALITY CONTROL","JSA-Height Gauge",".doc","141824"
"JSA 2010\QUALITY CONTROL\JSA-Manual Thickness Gauges.doc","QUALITY CONTROL","JSA-Manual Thickness Gauges",".doc","144896"
"JSA 2010\QUALITY CONTROL\JSA-Punt Depth Gauge.doc","QUALITY CONTROL","JSA-Punt Depth Gauge",".doc","145920"
"JSA 2010\QUALITY CONTROL\JSA-Resort Line, FP Handling & Sighting.doc","QUALITY CONTROL","JSA-Resort Line, FP Handling & Sighting",".doc","145920"
"JSA 2010\QUALITY CONTROL\JSA-Resort Pallet Preparation -Depalletising.doc","QUALITY CONTROL","JSA-Resort Pallet Preparation -Depalletising",".doc","147968"
"JSA 2010\QUALITY CONTROL\JSA-Resort Palletising at H&H.doc","QUALITY CONTROL","JSA-Resort Palletising at H&H",".doc","155136"
"JSA 2010\QUALITY CONTROL\JSA-Scales Setup-Calibration-Weighing.doc","QUALITY CONTROL","JSA-Scales Setup-Calibration-Weighing",".doc","148480"
"JSA 2010\QUALITY CONTROL\JSA-Sink & Bulge Gauge.doc","QUALITY CONTROL","JSA-Sink & Bulge Gauge",".doc","150016"
"JSA 2010\QUALITY CONTROL\JSA-Slip Test.doc","QUALITY CONTROL","JSA-Slip Test",".doc","143360"
"JSA 2010\QUALITY CONTROL\JSA-SPC Leaner Gauge.doc","QUALITY CONTROL","JSA-SPC Leaner Gauge",".doc","146432"
"JSA 2010\QUALITY CONTROL\JSA-Spray Painting Pallet for Cullet.doc","QUALITY CONTROL","JSA-Spray Painting Pallet for Cullet",".doc","144384"
"JSA 2010\QUALITY CONTROL\JSA-Storage of Pallets to Warehouse.doc","QUALITY CONTROL","JSA-Storage of Pallets to Warehouse",".doc","156672"
"JSA 2010\QUALITY CONTROL\JSA-Surry Starret Cleaner.doc","QUALITY CONTROL","JSA-Surry Starret Cleaner",".doc","141824"
"JSA 2010\QUALITY CONTROL\JSA-Thermal Bath.doc","QUALITY CONTROL","JSA-Thermal Bath",".doc","151040"
"JSA 2010\QUALITY CONTROL\JSA-Tipping of Pallets-Preparing Equipment.doc","QUALITY CONTROL","JSA-Tipping of Pallets-Preparing Equipment",".doc","140288"
"JSA 2010\QUALITY CONTROL\JSA-Tipping of Pallets-Using ForkHoist.doc","QUALITY CONTROL","JSA-Tipping of Pallets-Using ForkHoist",".doc","142336"
"JSA 2010\QUALITY CONTROL\JSA-Tipping of Pallets.doc","QUALITY CONTROL","JSA-Tipping of Pallets",".doc","142336"
"JSA 2010\QUALITY CONTROL\JSA-Topping up Pallet.doc","QUALITY CONTROL","JSA-Topping up Pallet",".doc","144896"
"JSA 2010\QUALITY CONTROL\JSA-Use of Abrasion Tester.doc","QUALITY CONTROL","JSA-Use of Abrasion Tester",".doc","145408"
"JSA 2010\QUALITY CONTROL\JSA-Use of Bore Profiler.doc","QUALITY CONTROL","JSA-Use of Bore Profiler",".doc","143872"
"JSA 2010\QUALITY CONTROL\JSA-Use of Impact Tester.doc","QUALITY CONTROL","JSA-Use of Impact Tester",".doc","148992"
"JSA 2010\QUALITY CONTROL\JSA-Use of Magna Mike Gauge.doc","QUALITY CONTROL","JSA-Use of Magna Mike Gauge",".doc","144384"
"JSA 2010\QUALITY CONTROL\JSA-Use of Manual Thermal Printer-Pallet Label.doc","QUALITY CONTROL","JSA-Use of Manual Thermal Printer-Pallet Label",".doc","144384"
"JSA 2010\QUALITY CONTROL\JSA-Use of Ramp Manual Pressure Tester.doc","QUALITY CONTROL","JSA-Use of Ramp Manual Pressure Tester",".doc","148480"
"JSA 2010\QUALITY CONTROL\JSA-Use of Vertical Load Tester.doc","QUALITY CONTROL","JSA-Use of Vertical Load Tester",".doc","143872"
"JSA 2010\QUALITY CONTROL\JSA-Using Baty Projector.doc","QUALITY CONTROL","JSA-Using Baty Projector",".doc","144384"
"JSA 2010\QUALITY CONTROL\JSA-Using Compressed Air for Cleaning.doc","QUALITY CONTROL","JSA-Using Compressed Air for Cleaning",".doc","146944"
"JSA 2010\QUALITY CONTROL\JSA-Using DDI Solution.doc","QUALITY CONTROL","JSA-Using DDI Solution",".doc","143360"
"JSA 2010\QUALITY CONTROL\JSA-Using Fork Hoist.doc","QUALITY CONTROL","JSA-Using Fork Hoist",".doc","154624"
"JSA 2010\QUALITY CONTROL\JSA-Using Height Gauge.doc","QUALITY CONTROL","JSA-Using Height Gauge",".doc","142336"
"JSA 2010\QUALITY CONTROL\JSA-Using LPG Gas Gun.doc","QUALITY CONTROL","JSA-Using LPG Gas Gun",".doc","147456"
"JSA 2010\QUALITY CONTROL\JSA-Using Pedestrian Hoist.doc","QUALITY CONTROL","JSA-Using Pedestrian Hoist",".doc","150528"
"JSA 2010\QUALITY CONTROL\JSA-Using Sharles Polariscope.doc","QUALITY CONTROL","JSA-Using Sharles Polariscope",".doc","145920"
"JSA 2010\QUALITY CONTROL\JSA-Using the Line Simulator.doc","QUALITY CONTROL","JSA-Using the Line Simulator",".doc","147456"
"JSA 2010\QUALITY CONTROL\JSA-Using Vernier-Calliper.doc","QUALITY CONTROL","JSA-Using Vernier-Calliper",".doc","144384"
"JSA 2010\QUALITY CONTROL\JSEA 218.15.01 Day Audit.doc","QUALITY CONTROL","JSEA 218.15.01 Day Audit",".doc","161280"
"JSA 2010\QUALITY CONTROL\JSEA 218.16.01 Surry Starret Cleaner.doc","QUALITY CONTROL","JSEA 218.16.01 Surry Starret Cleaner",".doc","145408"
"JSA 2010\QUALITY CONTROL\JSEA 218.16.02 Using Compressed Air for Cleaning.doc","QUALITY CONTROL","JSEA 218.16.02 Using Compressed Air for Cleaning",".doc","151552"
"JSA 2010\QUALITY CONTROL\JSEA 218.17.01 Glass Cullet Bin Handling.doc","QUALITY CONTROL","JSEA 218.17.01 Glass Cullet Bin Handling",".doc","151040"
"JSA 2010\QUALITY CONTROL\JSEA 218.17.02 Spray Painting Pallet for Cullet.doc","QUALITY CONTROL","JSEA 218.17.02 Spray Painting Pallet for Cullet",".doc","148480"
"JSA 2010\QUALITY CONTROL\JSEA 218.18.01 Gauge Selection & Set-up.doc","QUALITY CONTROL","JSEA 218.18.01 Gauge Selection & Set-up",".doc","150528"
"JSA 2010\QUALITY CONTROL\JSEA 218.19.01 Cutting Glass Containers.doc","QUALITY CONTROL","JSEA 218.19.01 Cutting Glass Containers",".doc","148992"
"JSA 2010\QUALITY CONTROL\JSEA 218.20.01 Using Pedestrian Hoist.doc","QUALITY CONTROL","JSEA 218.20.01 Using Pedestrian Hoist",".doc","154624"
"JSA 2010\QUALITY CONTROL\JSEA 218.20.02  Using Forkhoist.doc","QUALITY CONTROL","JSEA 218.20.02  Using Forkhoist",".doc","158208"
"JSA 2010\QUALITY CONTROL\JSEA 218.21.01 Changing LPG Cylinder.doc","QUALITY CONTROL","JSEA 218.21.01 Changing LPG Cylinder",".doc","145408"
"JSA 2010\QUALITY CONTROL\JSEA 218.21.02 Using LPG Gas Gun.doc","QUALITY CONTROL","JSEA 218.21.02 Using LPG Gas Gun",".doc","151040"
"JSA 2010\QUALITY CONTROL\JSEA 218.22.01 Using Vernier-Calliper.doc","QUALITY CONTROL","JSEA 218.22.01 Using Vernier-Calliper",".doc","148992"
"JSA 2010\QUALITY CONTROL\JSEA 218.22.02 AGR Ramp Pressure Tester.doc","QUALITY CONTROL","JSEA 218.22.02 AGR Ramp Pressure Tester",".doc","153600"
"JSA 2010\QUALITY CONTROL\JSEA 218.22.03 Camsensor Metrology Unit.doc","QUALITY CONTROL","JSEA 218.22.03 Camsensor Metrology Unit",".doc","154624"
"JSA 2010\QUALITY CONTROL\JSEA 218.22.04 Capacity Measurement.doc","QUALITY CONTROL","JSEA 218.22.04 Capacity Measurement",".doc","153088"
"JSA 2010\QUALITY CONTROL\JSEA 218.22.05 Checking the Tilt Angle.doc","QUALITY CONTROL","JSEA 218.22.05 Checking the Tilt Angle",".doc","149504"
"JSA 2010\QUALITY CONTROL\JSEA 218.22.06 Concentricity Gauge.doc","QUALITY CONTROL","JSEA 218.22.06 Concentricity Gauge",".doc","147968"
"JSA 2010\QUALITY CONTROL\JSEA 218.22.07 Manual Thickness Gauges.doc","QUALITY CONTROL","JSEA 218.22.07 Manual Thickness Gauges",".doc","149504"
"JSA 2010\QUALITY CONTROL\JSEA 218.22.08 Punt Depth Gauge.doc","QUALITY CONTROL","JSEA 218.22.08 Punt Depth Gauge",".doc","150016"
"JSA 2010\QUALITY CONTROL\JSEA 218.22.09 Scales Setup-Calibration-Weighing.doc","QUALITY CONTROL","JSEA 218.22.09 Scales Setup-Calibration-Weighing",".doc","153600"
"JSA 2010\QUALITY CONTROL\JSEA 218.22.10 Sink & Bulge Gauge.doc","QUALITY CONTROL","JSEA 218.22.10 Sink & Bulge Gauge",".doc","153600"
"JSA 2010\QUALITY CONTROL\JSEA 218.22.11 Slip Test.doc","QUALITY CONTROL","JSEA 218.22.11 Slip Test",".doc","147968"
"JSA 2010\QUALITY CONTROL\JSEA 218.22.12 SPC Leaner Gauge.doc","QUALITY CONTROL","JSEA 218.22.12 SPC Leaner Gauge",".doc","150528"
"JSA 2010\QUALITY CONTROL\JSEA 218.22.13 Thermal Bath.doc","QUALITY CONTROL","JSEA 218.22.13 Thermal Bath",".doc","155136"
"JSA 2010\QUALITY CONTROL\JSEA 218.22.14 Use of Abrasion Tester.doc","QUALITY CONTROL","JSEA 218.22.14 Use of Abrasion Tester",".doc","149504"
"JSA 2010\QUALITY CONTROL\JSEA 218.22.15 Use of Bore Profiler.doc","QUALITY CONTROL","JSEA 218.22.15 Use of Bore Profiler",".doc","147968"
"JSA 2010\QUALITY CONTROL\JSEA 218.22.16 Use of Impact Tester.doc","QUALITY CONTROL","JSEA 218.22.16 Use of Impact Tester",".doc","153088"
"JSA 2010\QUALITY CONTROL\JSEA 218.22.17 Use of Magna Mike Gauge.doc","QUALITY CONTROL","JSEA 218.22.17 Use of Magna Mike Gauge",".doc","148480"
"JSA 2010\QUALITY CONTROL\JSEA 218.22.18 Use of Ramp Manual Pressure Tester.doc","QUALITY CONTROL","JSEA 218.22.18 Use of Ramp Manual Pressure Tester",".doc","152576"
"JSA 2010\QUALITY CONTROL\JSEA 218.22.19 Use of Vertical Load Tester.doc","QUALITY CONTROL","JSEA 218.22.19 Use of Vertical Load Tester",".doc","147456"
"JSA 2010\QUALITY CONTROL\JSEA 218.22.20 Using Baty Projector.doc","QUALITY CONTROL","JSEA 218.22.20 Using Baty Projector",".doc","148992"
"JSA 2010\QUALITY CONTROL\JSEA 218.22.21 Using Height Gauge.doc","QUALITY CONTROL","JSEA 218.22.21 Using Height Gauge",".doc","145408"
"JSA 2010\QUALITY CONTROL\JSEA 218.22.22 Using Sharles Polariscope.doc","QUALITY CONTROL","JSEA 218.22.22 Using Sharles Polariscope",".doc","149504"
"JSA 2010\QUALITY CONTROL\JSEA 218.22.23 Using the Line Simulator.doc","QUALITY CONTROL","JSEA 218.22.23 Using the Line Simulator",".doc","151040"
"JSA 2010\QUALITY CONTROL\JSEA 218.23.01 Cutting Plastic Caps.doc","QUALITY CONTROL","JSEA 218.23.01 Cutting Plastic Caps",".doc","152064"
"JSA 2010\QUALITY CONTROL\JSEA 218.23.02 Topping up Pallet.doc","QUALITY CONTROL","JSEA 218.23.02 Topping up Pallet",".doc","148992"
"JSA 2010\QUALITY CONTROL\JSEA 218.24.01 Use of Manual Thermal Printer-Pallet Label.doc","QUALITY CONTROL","JSEA 218.24.01 Use of Manual Thermal Printer-Pallet Label",".doc","149504"
"JSA 2010\QUALITY CONTROL\JSEA 218.25.01 Resort Line, FP Handling & Sighting.doc","QUALITY CONTROL","JSEA 218.25.01 Resort Line, FP Handling & Sighting",".doc","151040"
"JSA 2010\QUALITY CONTROL\JSEA 218.25.02 Resort Pallet Preparation -Depalletising.doc","QUALITY CONTROL","JSEA 218.25.02 Resort Pallet Preparation -Depalletising",".doc","153088"
"JSA 2010\QUALITY CONTROL\JSEA 218.25.03 Resort Palletising at H&H.doc","QUALITY CONTROL","JSEA 218.25.03 Resort Palletising at H&H",".doc","158720"
"JSA 2010\QUALITY CONTROL\JSEA 218.26.01 Dynes Testing.doc","QUALITY CONTROL","JSEA 218.26.01 Dynes Testing",".doc","147456"
"JSA 2010\QUALITY CONTROL\JSEA 218.26.02 Using DDI Solution.doc","QUALITY CONTROL","JSEA 218.26.02 Using DDI Solution",".doc","147456"
"JSA 2010\QUALITY CONTROL\JSEA 218.27.01 Tipping of Pallets.doc","QUALITY CONTROL","JSEA 218.27.01 Tipping of Pallets",".doc","146432"
"JSA 2010\QUALITY CONTROL\JSEA 218.27.02 Tipping of Pallets-Preparing Equipment.doc","QUALITY CONTROL","JSEA 218.27.02 Tipping of Pallets-Preparing Equipment",".doc","144384"
"JSA 2010\QUALITY CONTROL\JSEA 218.27.03 Tipping of Pallets using Forkhoist.doc","QUALITY CONTROL","JSEA 218.27.03 Tipping of Pallets using Forkhoist",".doc","145920"
"JSA 2010\QUALITY CONTROL\JSEA-General Rules for using a Forkhoist.doc","QUALITY CONTROL","JSEA-General Rules for using a Forkhoist",".doc","129024"
"JSA-08\Hazard Identification 2008.xls","JSA-08","Hazard Identification 2008",".xls","239104"
"JSA-08\JSA-AGR Ramp Pressure Tester.doc","JSA-08","JSA-AGR Ramp Pressure Tester",".doc","148480"
"JSA-08\JSa-Camsensor Metrology Unit.doc","JSA-08","JSa-Camsensor Metrology Unit",".doc","151040"
"JSA-08\JSA-Capacity Measurement.doc","JSA-08","JSA-Capacity Measurement",".doc","148992"
"JSA-08\JSA-Changing LPG Cylinder for Gas Gun.doc","JSA-08","JSA-Changing LPG Cylinder for Gas Gun",".doc","141824"
"JSA-08\JSA-Checking Annealing.doc","JSA-08","JSA-Checking Annealing",".doc","142848"
"JSA-08\JSA-Checking the Tilt Angle.doc","JSA-08","JSA-Checking the Tilt Angle",".doc","145920"
"JSA-08\JSA-Clearing a Jamup on ICK.doc","JSA-08","JSA-Clearing a Jamup on ICK",".doc","141824"
"JSA-08\JSA-Concentricity Gauge.doc","JSA-08","JSA-Concentricity Gauge",".doc","143872"
"JSA-08\JSA-Cutting Glass Containers.doc","JSA-08","JSA-Cutting Glass Containers",".doc","144384"
"JSA-08\JSA-Cutting Plastic Caps.doc","JSA-08","JSA-Cutting Plastic Caps",".doc","147968"
"JSA-08\JSA-Dynes Testing.doc","JSA-08","JSA-Dynes Testing",".doc","143360"
"JSA-08\JSA-Foodmach Operation.doc","JSA-08","JSA-Foodmach Operation",".doc","144384"
"JSA-08\JSA-Gauge Selection & Setup.doc","JSA-08","JSA-Gauge Selection & Setup",".doc","146944"
"JSA-08\JSA-Glass Cullet Bin Handling.doc","JSA-08","JSA-Glass Cullet Bin Handling",".doc","147456"
"JSA-08\JSA-Height Gauge.doc","JSA-08","JSA-Height Gauge",".doc","141824"
"JSA-08\JSA-Loading Layerboard Pallets onto Foodmac.doc","JSA-08","JSA-Loading Layerboard Pallets onto Foodmac",".doc","143360"
"JSA-08\JSA-Manual Ramp Testing.doc","JSA-08","JSA-Manual Ramp Testing",".doc","148480"
"JSA-08\JSA-Manual Thickness Gauges.doc","JSA-08","JSA-Manual Thickness Gauges",".doc","144896"
"JSA-08\JSA-Operating Shuttlecar in Manual.doc","JSA-08","JSA-Operating Shuttlecar in Manual",".doc","144384"
"JSA-08\JSA-Punt Depth Gauge.doc","JSA-08","JSA-Punt Depth Gauge",".doc","145920"
"JSA-08\JSA-Resort Line, FP Handling & Sighting.doc","JSA-08","JSA-Resort Line, FP Handling & Sighting",".doc","145920"
"JSA-08\JSA-Resort Pallet Preparation -Depalletising.doc","JSA-08","JSA-Resort Pallet Preparation -Depalletising",".doc","147968"
"JSA-08\JSA-Resort Palletising at H&H.doc","JSA-08","JSA-Resort Palletising at H&H",".doc","155136"
"JSA-08\JSA-Scales Setup-Calibration-Weighing.doc","JSA-08","JSA-Scales Setup-Calibration-Weighing",".doc","148480"
"JSA-08\JSA-Sink & Bulge Gauge.doc","JSA-08","JSA-Sink & Bulge Gauge",".doc","150016"
"JSA-08\JSA-Slip Test.doc","JSA-08","JSA-Slip Test",".doc","143360"
"JSA-08\JSA-SPC Leaner Gauge.doc","JSA-08","JSA-SPC Leaner Gauge",".doc","146432"
"JSA-08\JSA-Spray Painting Pallet for Cullet.doc","JSA-08","JSA-Spray Painting Pallet for Cullet",".doc","144384"
"JSA-08\JSA-Storage of Pallets to Warehouse.doc","JSA-08","JSA-Storage of Pallets to Warehouse",".doc","156160"
"JSA-08\JSA-Surry Starret Cleaner.doc","JSA-08","JSA-Surry Starret Cleaner",".doc","141824"
"JSA-08\JSA-Thermal Bath.doc","JSA-08","JSA-Thermal Bath",".doc","151040"
"JSA-08\JSA-Tipping of Pallets-Preparing Equipment.doc","JSA-08","JSA-Tipping of Pallets-Preparing Equipment",".doc","140288"
"JSA-08\JSA-Tipping of Pallets-Using ForkHoist.doc","JSA-08","JSA-Tipping of Pallets-Using ForkHoist",".doc","142336"
"JSA-08\JSA-Tipping of Pallets.doc","JSA-08","JSA-Tipping of Pallets",".doc","142336"
"JSA-08\JSA-Topping up Pallet.doc","JSA-08","JSA-Topping up Pallet",".doc","144896"
"JSA-08\JSA-Use of Abrasion Tester.doc","JSA-08","JSA-Use of Abrasion Tester",".doc","145408"
"JSA-08\JSA-Use of Bore Profiler.doc","JSA-08","JSA-Use of Bore Profiler",".doc","143872"
"JSA-08\JSA-Use of Impact Tester.doc","JSA-08","JSA-Use of Impact Tester",".doc","148992"
"JSA-08\JSA-Use of Magna Mike Gauge.doc","JSA-08","JSA-Use of Magna Mike Gauge",".doc","144384"
"JSA-08\JSA-Use of Manual Thermal Printer-Pallet Label.doc","JSA-08","JSA-Use of Manual Thermal Printer-Pallet Label",".doc","144384"
"JSA-08\JSA-Use of Vertical Load Tester.doc","JSA-08","JSA-Use of Vertical Load Tester",".doc","143872"
"JSA-08\JSA-Using Baty Projector.doc","JSA-08","JSA-Using Baty Projector",".doc","144384"
"JSA-08\JSA-Using DDI Solution.doc","JSA-08","JSA-Using DDI Solution",".doc","143360"
"JSA-08\JSA-Using Height Gauge.doc","JSA-08","JSA-Using Height Gauge",".doc","142336"
"JSA-08\JSA-Using LPG Gas Gun.doc","JSA-08","JSA-Using LPG Gas Gun",".doc","147456"
"JSA-08\JSA-Using Sharles Polariscope.doc","JSA-08","JSA-Using Sharles Polariscope",".doc","145920"
"JSA-08\JSA-Using the Line Simulator.doc","JSA-08","JSA-Using the Line Simulator",".doc","147456"
"JSA-08\JSA-Using Vernier-Calliper.doc","JSA-08","JSA-Using Vernier-Calliper",".doc","144384"
"JSA-2011\JSA-remove blankmould arm assy 41 and 42.doc","JSA-2011","JSA-remove blankmould arm assy 41 and 42",".doc","170496"
"Plant JSA's\2019 JSA-Mopping sections with a double baffle.doc","Plant JSA's","2019 JSA-Mopping sections with a double baffle",".doc","144384"
"Plant JSA's\210.09.02. Change Blank Hinge.doc","Plant JSA's","210.09.02. Change Blank Hinge",".doc","187392"
"Plant JSA's\210.09.03. Change Blow Head Arm.doc","Plant JSA's","210.09.03. Change Blow Head Arm",".doc","176128"
"Plant JSA's\210.09.05. Changing a Funnel.doc","Plant JSA's","210.09.05. Changing a Funnel",".doc","175104"
"Plant JSA's\210.09.06. Changing Baffle Arm.doc","Plant JSA's","210.09.06. Changing Baffle Arm",".doc","178176"
"Plant JSA's\210.09.11. Changing Deflector.doc","Plant JSA's","210.09.11. Changing Deflector",".doc","181760"
"Plant JSA's\Changing Baffles.doc","Plant JSA's","Changing Baffles",".doc","173568"
"Plant JSA's\Changing Blanks.doc","Plant JSA's","Changing Blanks",".doc","180224"
"Plant JSA's\Changing Neck Ring Arms.doc","Plant JSA's","Changing Neck Ring Arms",".doc","181248"
"Plant JSA's\Changing Neck Rings.doc","Plant JSA's","Changing Neck Rings",".doc","150016"
"Plant JSA's\Changing Plunger and Thimble and Striker Plate.doc","Plant JSA's","Changing Plunger and Thimble and Striker Plate",".doc","185344"
"Plant JSA's\Changing Plunger on Machine.doc","Plant JSA's","Changing Plunger on Machine",".doc","178176"
"Plant JSA's\JSA-Mopping Baffles.doc","Plant JSA's","JSA-Mopping Baffles",".doc","143360"
"Plant JSA's\JSA-Swabbing.doc","Plant JSA's","JSA-Swabbing",".doc","145408"
"Plant JSA's\JSEA Changing Plenum Chamber May19.docx","Plant JSA's","JSEA Changing Plenum Chamber May19",".docx","2804560"
"Plant JSA's\Number 21, 23,31 Changing a Funnel.doc","Plant JSA's","Number 21, 23,31 Changing a Funnel",".doc","179712"
"Plant JSA's\Plenum chamber change procedure.pdf","Plant JSA's","Plenum chamber change procedure",".pdf","405566"
